t,x,vx,ax,y,vy,ay,z,vz,az,roll,wx,alphax,pitch,wy,alphay,yaw,wz,alphaz

0,0,0,0,0,0,0,0,0,0,0,0,0,0,0,0,0,0,0
0.0100102738694061,2.76921664972745e-11,1.10580403994948e-08,3.31028374820765e-06,0,0,0,0,0,0,0,0,0,0,0,0,0,0,0
0.0200205477388122,4.41881331657949e-10,8.81664637724487e-08,1.31816744232441e-05,0,0,0,0,0,0,0,0,0,0,0,0,0,0,0
0.0300308216082184,2.23099430722214e-09,2.96558798722908e-07,2.95253571226138e-05,0,0,0,0,0,0,0,0,0,0,0,0,0,0,0
0.0400410954776245,7.03202187848344e-09,7.00582017701764e-07,5.22530173104227e-05,0,0,0,0,0,0,0,0,0,0,0,0,0,0,0
0.0500513693470306,1.71216691853164e-08,1.36370154016656e-06,8.12768396891555e-05,0,0,0,0,0,0,0,0,0,0,0,0,0,0,0
0.0600616432164367,3.54075561296765e-08,2.34850622444747e-06,0.000116509507071454,0,0,0,0,0,0,0,0,0,0,0,0,0,0,0
0.0700719170858429,6.54194676965195e-08,3.71671334831952e-06,0.000157864199251893,0,0,0,0,0,0,0,0,0,0,0,0,0,0,0
0.080082190955249,1.11300654075084e-07,5.52917357828088e-06,0.000205254591878762,0,0,0,0,0,0,0,0,0,0,0,0,0,0,0
0.0900924648246551,1.77799180467485e-07,7.84587592753748e-06,0.000258594855325836,0,0,0,0,0,0,0,0,0,0,0,0,0,0,0
0.100102738694061,2.70259326471566e-07,1.07259527026937e-05,0.000317799653564162,0,0,0,0,0,0,0,0,0,0,0,0,0,0,0
0.110113012563467,3.94613034924945e-07,1.42276844391494e-05,0.000382784143033828,0,0,0,0,0,0,0,0,0,0,0,0,0,0,0
0.120123286432873,5.5737141009722e-07,1.84085048252027e-05,0.000453463971515748,0,0,0,0,0,0,0,0,0,0,0,0,0,0,0
0.13013356030228,7.65616265117258e-07,2.33250056148598e-05,0.000529755277003434,0,0,0,0,0,0,0,0,0,0,0,0,0,0,0
0.140143834171686,1.02699171852253e-06,2.90329415293499e-05,0.000611574686574776,0,0,0,0,0,0,0,0,0,0,0,0,0,0,0
0.150154108041092,1.34969583981742e-06,3.55872351473474e-05,0.000698839315263822,0,0,0,0,0,0,0,0,0,0,0,0,0,0,0
0.160164381910498,1.74247234392748e-06,4.30419817838991e-05,0.000791466764932552,0,0,0,0,0,0,0,0,0,0,0,0,0,0,0
0.170174655779904,2.21460233443658e-06,5.14504543580591e-05,0.000889375123142656,0,0,0,0,0,0,0,0,0,0,0,0,0,0,0
0.18018492964931,2.77589609549379e-06,6.08651082492279e-05,0.000992482962027313,0,0,0,0,0,0,0,0,0,0,0,0,0,0,0
0.190195203518716,3.43668493227717e-06,7.13375861422e-05,0.00110070933716297,0,0,0,0,0,0,0,0,0,0,0,0,0,0,0
0.200205477388122,4.20781305990115e-06,8.29187228609157e-05,0.00121397378644112,0,0,0,0,0,0,0,0,0,0,0,0,0,0,0
0.210215751257529,5.10062954065466e-06,9.56585501909199e-05,0.00133219632894007,0,0,0,0,0,0,0,0,0,0,0,0,0,0,0
0.220226025126935,6.12698026945678e-06,0.000109606301690528,0.00145529746379674,0,0,0,0,0,0,0,0,0,0,0,0,0,0,0
0.230236298996341,7.29920000741705e-06,0.000124810417490694,0.0015831981690784,0,0,0,0,0,0,0,0,0,0,0,0,0,0,0
0.240246572865747,8.63010446338713e-06,0.000141318549083594,0.00171581990065451,0,0,0,0,0,0,0,0,0,0,0,0,0,0,0
0.250256846735153,1.01329824233911e-05,0.000159177564099903,0.00185308459106845,0,0,0,0,0,0,0,0,0,0,0,0,0,0,0
0.260267120604559,1.1821587927821e-05,0.000178433551074788,0.00199491464840929,0,0,0,0,0,0,0,0,0,0,0,0,0,0,0
0.270277394473965,1.37101324962845e-05,0.000199131824202603,0.00214123295518361,0,0,0,0,0,0,0,0,0,0,0,0,0,0,0
0.280287668343371,1.58132773999927e-05,0.000221316928080293,0.00229196286718726,0,0,0,0,0,0,0,0,0,0,0,0,0,0,0
0.290297942212778,1.81461259815729e-05,0.000245032642439499,0.0024470282123771,0,0,0,0,0,0,0,0,0,0,0,0,0,0,0
0.300308216082184,2.07242160221955e-05,0.000270321986867374,0.00260635328974285,0,0,0,0,0,0,0,0,0,0,0,0,0,0,0
0.31031848995159,2.35635121559007e-05,0.000297227225516106,0.00276986286817881,0,0,0,0,0,0,0,0,0,0,0,0,0,0,0
0.320328763820996,2.66803983310124e-05,0.00032578987180114,0.00293748218535565,0,0,0,0,0,0,0,0,0,0,0,0,0,0,0
0.330339037690402,3.00916703185255e-05,0.000356050693088115,0.00310913694659221,0,0,0,0,0,0,0,0,0,0,0,0,0,0,0
0.340349311559808,3.38145282673555e-05,0.000388049715368501,0.00328475332372725,0,0,0,0,0,0,0,0,0,0,0,0,0,0,0
0.350359585429214,3.7866569306334e-05,0.000421826227923945,0.00346425795399124,0,0,0,0,0,0,0,0,0,0,0,0,0,0,0
0.36036985929862,4.22657801928414e-05,0.000457418787979325,0.00364757793887815,0,0,0,0,0,0,0,0,0,0,0,0,0,0,0
0.370380133168027,4.70305300079593e-05,0.000494865225344502,0.00383464084301719,0,0,0,0,0,0,0,0,0,0,0,0,0,0,0
0.380390407037433,5.21795628980328e-05,0.000534202647044789,0.00402537469304463,0,0,0,0,0,0,0,0,0,0,0,0,0,0,0
0.390400680906839,5.77319908625284e-05,0.00057546744194012,0.00421970797647556,0,0,0,0,0,0,0,0,0,0,0,0,0,0,0
0.400410954776245,6.37072865880742e-05,0.000618695285332926,0.00441756964057566,0,0,0,0,0,0,0,0,0,0,0,0,0,0,0
0.410421228645651,7.01252763285697e-05,0.000663921143564715,0.00461888909123299,0,0,0,0,0,0,0,0,0,0,0,0,0,0,0
0.420431502515057,7.70061328312522e-05,0.000711179278601364,0.00482359619182976,0,0,0,0,0,0,0,0,0,0,0,0,0,0,0
0.430441776384463,8.43703683086073e-05,0.000760503252607116,0.00503162126211412,0,0,0,0,0,0,0,0,0,0,0,0,0,0,0
0.440452050253869,9.22388274560082e-05,0.000811925932507272,0.00524289507707191,0,0,0,0,0,0,0,0,0,0,0,0,0,0,0
0.450462324123275,0.000100632680514974,0.000865479494539609,0.00545734886579847,0,0,0,0,0,0,0,0,0,0,0,0,0,0,0
0.460472597992682,0.000109573416381933,0.000921195428794486,0.00567491431037041,0,0,0,0,0,0,0,0,0,0,0,0,0,0,0
0.470482871862088,0.000119082835762372,0.000979104543743666,0.00589552354471735,0,0,0,0,0,0,0,0,0,0,0,0,0,0,0
0.480493145731494,0.000129183044370273,0.00103923697075784,0.00611910915349378,0,0,0,0,0,0,0,0,0,0,0,0,0,0,0
0.4905034196009,0.000139896446172705,0.00110162216861287,0.00634560417095073,0,0,0,0,0,0,0,0,0,0,0,0,0,0,0
0.500513693470306,0.000151245736679476,0.00116628892798471,0.00657494207980764,0,0,0,0,0,0,0,0,0,0,0,0,0,0,0
0.510523967339712,0.000163253896277719,0.00123326537593306,0.0068070568101241,0,0,0,0,0,0,0,0,0,0,0,0,0,0,0
0.520534241209118,0.000175944183611306,0.0013025789803737,0.00704188273817162,0,0,0,0,0,0,0,0,0,0,0,0,0,0,0
0.530544515078524,0.000189340129004976,0.0013742565545396,0.00727935468530542,0,0,0,0,0,0,0,0,0,0,0,0,0,0,0
0.540554788947931,0.000203465527933058,0.0014483242614306,0.0075194079168362,0,0,0,0,0,0,0,0,0,0,0,0,0,0,0
0.550565062817337,0.000218344434532689,0.00152480761825196,0.00776197814090194,0,0,0,0,0,0,0,0,0,0,0,0,0,0,0
0.560575336686743,0.000234001155161396,0.00160373150084147,0.00800700150733963,0,0,0,0,0,0,0,0,0,0,0,0,0,0,0
0.570585610556149,0.000250460241998949,0.00168512014808538,0.00825441460655712,0,0,0,0,0,0,0,0,0,0,0,0,0,0,0
0.580595884425555,0.000267746486693352,0.00176899716632297,0.00850415446840481,0,0,0,0,0,0,0,0,0,0,0,0,0,0,0
0.590606158294961,0.000285884914050876,0.00185538553373981,0.00875615856104751,0,0,0,0,0,0,0,0,0,0,0,0,0,0,0
0.600616432164367,0.000304900775770008,0.00194430760474983,0.00901036478983616,0,0,0,0,0,0,0,0,0,0,0,0,0,0,0
0.610626706033773,0.000324819544219214,0.00203578511436597,0.00926671149617964,0,0,0,0,0,0,0,0,0,0,0,0,0,0,0
0.62063697990318,0.000345666906258394,0.00212983918255962,0.00952513745641653,0,0,0,0,0,0,0,0,0,0,0,0,0,0,0
0.630647253772586,0.000367468757103915,0.00222649031860871,0.0097855818806869,0,0,0,0,0,0,0,0,0,0,0,0,0,0,0
0.640657527641992,0.000390251194237125,0.00232575842543457,0.0100479844118041,0,0,0,0,0,0,0,0,0,0,0,0,0,0,0
0.650667801511398,0.000414040511356214,0.00242766280392744,0.0103122851241264,0,0,0,0,0,0,0,0,0,0,0,0,0,0,0
0.660678075380804,0.000438863192371318,0.00253222215726071,0.0105784245224291,0,0,0,0,0,0,0,0,0,0,0,0,0,0,0
0.67068834925021,0.000464745905442762,0.00263945459519388,0.010846343540776,0,0,0,0,0,0,0,0,0,0,0,0,0,0,0
0.680698623119616,0.000491715497062307,0.00274937763836416,0.0111159835413911,0,0,0,0,0,0,0,0,0,0,0,0,0,0,0
0.690708896989022,0.000519798986177311,0.00286200822256689,0.0113872863135308,0,0,0,0,0,0,0,0,0,0,0,0,0,0,0
0.700719170858428,0.000549023558357682,0.00297736270302457,0.0116601940723553,0,0,0,0,0,0,0,0,0,0,0,0,0,0,0
0.710729444727835,0.000579416560005498,0.00309545685864461,0.0119346494578006,0,0,0,0,0,0,0,0,0,0,0,0,0,0,0
0.720739718597241,0.000611005492607204,0.00321630589626586,0.01221059553345,0,0,0,0,0,0,0,0,0,0,0,0,0,0,0
0.730749992466647,0.000643818007028254,0.00333992445489371,0.0124879757854063,0,0,0,0,0,0,0,0,0,0,0,0,0,0,0
0.740760266336053,0.000677881897850093,0.00346632660992406,0.0127667341211632,0,0,0,0,0,0,0,0,0,0,0,0,0,0,0
0.750770540205459,0.000713225097749366,0.00359552587735585,0.0130468148684772,0,0,0,0,0,0,0,0,0,0,0,0,0,0,0
0.760780814074865,0.00074987567191924,0.00372753521799239,0.0133281627742394,0,0,0,0,0,0,0,0,0,0,0,0,0,0,0
0.770791087944271,0.000787861812532723,0.00386236704163137,0.0136107230033473,0,0,0,0,0,0,0,0,0,0,0,0,0,0,0
0.780801361813677,0.00082721183324787,0.00400003321124354,0.0138944411375766,0,0,0,0,0,0,0,0,0,0,0,0,0,0,0
0.790811635683084,0.00086795416375477,0.00414054504714016,0.0141792631744529,0,0,0,0,0,0,0,0,0,0,0,0,0,0,0
0.80082190955249,0.000910117344364176,0.00428391333112911,0.0144651355261233,0,0,0,0,0,0,0,0,0,0,0,0,0,0,0
0.810832183421896,0.000953730020637706,0.00443014831065972,0.0147520050182288,0,0,0,0,0,0,0,0,0,0,0,0,0,0,0
0.820842457291302,0.000998820938059456,0.0045792597029563,0.0150398188887753,0,0,0,0,0,0,0,0,0,0,0,0,0,0,0
0.830852731160708,0.00104541893674895,0.00473125669914039,0.0153285247870059,0,0,0,0,0,0,0,0,0,0,0,0,0,0,0
0.840863005030114,0.00109355294621529,0.00488614796834173,0.0156180707722724,0,0,0,0,0,0,0,0,0,0,0,0,0,0,0
0.85087327889952,0.00114325198015241,0.00504394166179786,0.0159084053129074,0,0,0,0,0,0,0,0,0,0,0,0,0,0,0
0.860883552768926,0.00119454513127529,0.00520464541694253,0.0161994772850956,0,0,0,0,0,0,0,0,0,0,0,0,0,0,0
0.870893826638333,0.00124746156619707,0.00536826636148275,0.016491235971746,0,0,0,0,0,0,0,0,0,0,0,0,0,0,0
0.880904100507739,0.0013020305203469,0.00553481111746456,0.0167836310613636,0,0,0,0,0,0,0,0,0,0,0,0,0,0,0
0.890914374377145,0.00135828129292843,0.00570428580532752,0.017076612646921,0,0,0,0,0,0,0,0,0,0,0,0,0,0,0
0.900924648246551,0.00141624324191887,0.00587669604794788,0.0173701312247302,0,0,0,0,0,0,0,0,0,0,0,0,0,0,0
0.910934922115957,0.00147594577910838,0.00605204697467049,0.0176641376933147,0,0,0,0,0,0,0,0,0,0,0,0,0,0,0
0.920945195985363,0.00153741836517987,0.00623034322532936,0.0179585833522808,0,0,0,0,0,0,0,0,0,0,0,0,0,0,0
0.930955469854769,0.00160069050482891,0.00641158895425703,0.0182534199011897,0,0,0,0,0,0,0,0,0,0,0,0,0,0,0
0.940965743724175,0.00166579174192375,0.00659578783428252,0.0185485994384292,0,0,0,0,0,0,0,0,0,0,0,0,0,0,0
0.950976017593582,0.00173275165470532,0.00678294306071808,0.0188440744600856,0,0,0,0,0,0,0,0,0,0,0,0,0,0,0
0.960986291462988,0.00180159985102703,0.00697305735533458,0.019139797858815,0,0,0,0,0,0,0,0,0,0,0,0,0,0,0
0.970996565332394,0.00187236596363438,0.00716613297032571,0.0194357229227158,0,0,0,0,0,0,0,0,0,0,0,0,0,0,0
0.9810068392018,0.00194507964548413,0.0073621716922607,0.0197318033341999,0,0,0,0,0,0,0,0,0,0,0,0,0,0,0
0.991017113071206,0.00201977056510303,0.00756117484602597,0.0200279931688647,0,0,0,0,0,0,0,0,0,0,0,0,0,0,0
1.00102738694061,0.00209646840198589,0.00776314329875533,0.020324246894365,0,0,0,0,0,0,0,0,0,0,0,0,0,0,0
1.01103766081002,0.00217520284203304,0.00796807746374893,0.0206205193692843,0,0,0,0,0,0,0,0,0,0,0,0,0,0,0
1.02104793467942,0.00225600357302682,0.00817597730438093,0.0209167658420073,0,0,0,0,0,0,0,0,0,0,0,0,0,0,0
1.03105820854883,0.0023389002801473,0.00838684233799586,0.0212129419495911,0,0,0,0,0,0,0,0,0,0,0,0,0,0,0
1.04106848241824,0.00242392264152675,0.00860067163979369,0.0215090037166372,0,0,0,0,0,0,0,0,0,0,0,0,0,0,0
1.05107875628764,0.00251110032384316,0.00881746384670364,0.0218049075541632,0,0,0,0,0,0,0,0,0,0,0,0,0,0,0
1.06108903015705,0.00260046297795227,0.00903721716124662,0.0221006102584746,0,0,0,0,0,0,0,0,0,0,0,0,0,0,0
1.07109930402645,0.00269204023455841,0.00925992935538643,0.0223960690100368,0,0,0,0,0,0,0,0,0,0,0,0,0,0,0
1.08110957789586,0.00278586169992362,0.0094855977743697,0.0226912413723465,0,0,0,0,0,0,0,0,0,0,0,0,0,0,0
1.09111985176527,0.00288195695161538,0.00971421934055442,0.0229860852908036,0,0,0,0,0,0,0,0,0,0,0,0,0,0,0
1.10113012563467,0.00298035553429241,0.00994579055722731,0.0232805590915833,0,0,0,0,0,0,0,0,0,0,0,0,0,0,0
1.11114039950408,0.00308108695552875,0.0101803075124098,0.0235746214805073,0,0,0,0,0,0,0,0,0,0,0,0,0,0,0
1.12115067337349,0.00318418068167585,0.0104177658826528,0.0238682315419161,0,0,0,0,0,0,0,0,0,0,0,0,0,0,0
1.13116094724289,0.00328966613376255,0.0106581609368201,0.0241613487375405,0,0,0,0,0,0,0,0,0,0,0,0,0,0,0
1.1411712211123,0.00339757268343293,0.0109014875398604,0.0244539329053735,0,0,0,0,0,0,0,0,0,0,0,0,0,0,0
1.1511814949817,0.00350792964892186,0.0111477401565683,0.024745944258542,0,0,0,0,0,0,0,0,0,0,0,0,0,0,0
1.16119176885111,0.0036207662910681,0.011396912855334,0.0250373433841784,0,0,0,0,0,0,0,0,0,0,0,0,0,0,0
1.17120204272052,0.00373611180936488,0.0116489993118809,0.0253280912422929,0,0,0,0,0,0,0,0,0,0,0,0,0,0,0
1.18121231658992,0.00385399533804793,0.0119039928129934,0.0256181491646448,0,0,0,0,0,0,0,0,0,0,0,0,0,0,0
1.19122259045933,0.00397444594222064,0.012161886260232,0.0259074788536144,0,0,0,0,0,0,0,0,0,0,0,0,0,0,0
1.20123286432873,0.00409749261401643,0.012422672173638,0.0261960423810748,0,0,0,0,0,0,0,0,0,0,0,0,0,0,0
1.21124313819814,0.00422316426879816,0.0126863426954261,0.0264838021872639,0,0,0,0,0,0,0,0,0,0,0,0,0,0,0
1.22125341206755,0.00435148974139436,0.0129528895936668,0.0267707210796557,0,0,0,0,0,0,0,0,0,0,0,0,0,0,0
1.23126368593695,0.0044824977823724,0.0132223042659565,0.0270567622318325,0,0,0,0,0,0,0,0,0,0,0,0,0,0,0
1.24127395980636,0.00461621705434821,0.0134945777430768,0.0273418891823564,0,0,0,0,0,0,0,0,0,0,0,0,0,0,0
1.25128423367577,0.00475267612833263,0.0137697006926423,0.0276260658336415,0,0,0,0,0,0,0,0,0,0,0,0,0,0,0
1.26129450754517,0.00489190348011427,0.0140476634227375,0.0279092564508248,0,0,0,0,0,0,0,0,0,0,0,0,0,0,0
1.27130478141458,0.00503392748667863,0.0143284558855416,0.0281914256606393,0,0,0,0,0,0,0,0,0,0,0,0,0,0,0
1.28131505528398,0.00517877642266348,0.0146120676809431,0.0284725384502843,0,0,0,0,0,0,0,0,0,0,0,0,0,0,0
1.29132532915339,0.00532647845685042,0.0148984880601422,0.0287525601662985,0,0,0,0,0,0,0,0,0,0,0,0,0,0,0
1.3013356030228,0.00547706164869235,0.0151877059292423,0.0290314565134308,0,0,0,0,0,0,0,0,0,0,0,0,0,0,0
1.3113458768922,0.00563055394487692,0.01547970985283,0.0293091935535127,0,0,0,0,0,0,0,0,0,0,0,0,0,0,0
1.32135615076161,0.00578698317592571,0.0157744880575442,0.0295857377043297,0,0,0,0,0,0,0,0,0,0,0,0,0,0,0
1.33136642463101,0.00594637705282909,0.0160720284356336,0.0298610557384933,0,0,0,0,0,0,0,0,0,0,0,0,0,0,0
1.34137669850042,0.00610876316371667,0.0163723185485028,0.0301351147823127,0,0,0,0,0,0,0,0,0,0,0,0,0,0,0
1.35138697236983,0.00627416897056312,0.0166753456302473,0.0304078823146664,0,0,0,0,0,0,0,0,0,0,0,0,0,0,0
1.36139724623923,0.0064426218059294,0.0169810965911772,0.0306793261658745,0,0,0,0,0,0,0,0,0,0,0,0,0,0,0
1.37140752010864,0.00661414886973914,0.0172895580213298,0.0309494145165698,0,0,0,0,0,0,0,0,0,0,0,0,0,0,0
1.38141779397804,0.0067887772260902,0.0176007161939703,0.0312181158965702,0,0,0,0,0,0,0,0,0,0,0,0,0,0,0
1.39142806784745,0.00696653380010108,0.0179145570690818,0.0314853991837498,0,0,0,0,0,0,0,0,0,0,0,0,0,0,0
1.40143834171686,0.00714744537479243,0.0182310662968437,0.0317512336029115,0,0,0,0,0,0,0,0,0,0,0,0,0,0,0
1.41144861558626,0.00733153858800307,0.0185502292210993,0.0320155887246581,0,0,0,0,0,0,0,0,0,0,0,0,0,0,0
1.42145888945567,0.00751883992934086,0.0188720308828109,0.0322784344642642,0,0,0,0,0,0,0,0,0,0,0,0,0,0,0
1.43146916332508,0.00770937573716802,0.0191964560235051,0.0325397410805485,0,0,0,0,0,0,0,0,0,0,0,0,0,0,0
1.44147943719448,0.00790317219562085,0.0195234890887061,0.0327994791747448,0,0,0,0,0,0,0,0,0,0,0,0,0,0,0
1.45148971106389,0.00810025533166386,0.0198531142313571,0.0330576196893744,0,0,0,0,0,0,0,0,0,0,0,0,0,0,0
1.46149998493329,0.00830065101217799,0.0201853153152319,0.0333141339071173,0,0,0,0,0,0,0,0,0,0,0,0,0,0,0
1.4715102588027,0.00850438494108298,0.0205200759183336,0.0335689934496847,0,0,0,0,0,0,0,0,0,0,0,0,0,0,0
1.48152053267211,0.00871148265649374,0.0208573793362832,0.0338221702766902,0,0,0,0,0,0,0,0,0,0,0,0,0,0,0
1.49153080654151,0.00892196952791045,0.0211972085856962,0.0340736366845218,0,0,0,0,0,0,0,0,0,0,0,0,0,0,0
1.50154108041092,0.00913587075344256,0.0215395464075483,0.0343233653052135,0,0,0,0,0,0,0,0,0,0,0,0,0,0,0
1.51155135428032,0.00935321135706635,0.0218843752705297,0.0345713291053175,0,0,0,0,0,0,0,0,0,0,0,0,0,0,0
1.52156162814973,0.009574016185916,0.0222316773743878,0.0348175013847754,0,0,0,0,0,0,0,0,0,0,0,0,0,0,0
1.53157190201914,0.00979830990760809,0.0225814346532592,0.0350618557757905,0,0,0,0,0,0,0,0,0,0,0,0,0,0,0
1.54158217588854,0.0100261170075994,0.0229336287789899,0.0353043662416992,0,0,0,0,0,0,0,0,0,0,0,0,0,0,0
1.55159244975795,0.0102574617865779,0.0232882411644444,0.035545007075843,0,0,0,0,0,0,0,0,0,0,0,0,0,0,0
1.56160272362735,0.0104923683578866,0.0236452529668036,0.0357837529004403,0,0,0,0,0,0,0,0,0,0,0,0,0,0,0
1.57161299749676,0.0107308606449811,0.0240046450908511,0.0360205786654578,0,0,0,0,0,0,0,0,0,0,0,0,0,0,0
1.58162327136617,0.0109729623789186,0.0243663981922487,0.036255459647483,0,0,0,0,0,0,0,0,0,0,0,0,0,0,0
1.59163354523557,0.0112186970958811,0.0247304926808,0.0364883714485951,0,0,0,0,0,0,0,0,0,0,0,0,0,0,0
1.60164381910498,0.0114680881347305,0.0250969087237032,0.0367192899952375,0,0,0,0,0,0,0,0,0,0,0,0,0,0,0
1.61165409297439,0.0117211586345959,0.0254656262487923,0.0369481915370891,0,0,0,0,0,0,0,0,0,0,0,0,0,0,0
1.62166436684379,0.0119779315324942,0.0258366249477675,0.0371750526459366,0,0,0,0,0,0,0,0,0,0,0,0,0,0,0
1.6316746407132,0.0122384295609821,0.0262098842794133,0.0373998502145455,0,0,0,0,0,0,0,0,0,0,0,0,0,0,0
1.6416849145826,0.0125026752458406,0.0265853834728064,0.0376225614555326,0,0,0,0,0,0,0,0,0,0,0,0,0,0,0
1.65169518845201,0.012770690903792,0.026963101530512,0.0378431639002376,0,0,0,0,0,0,0,0,0,0,0,0,0,0,0
1.66170546232142,0.0130424986402478,0.0273430172317681,0.0380616353975946,0,0,0,0,0,0,0,0,0,0,0,0,0,0,0
1.67171573619082,0.0133181203470894,0.0277251091356595,0.0382779541130041,0,0,0,0,0,0,0,0,0,0,0,0,0,0,0
1.68172601006023,0.0135975777004801,0.0281093555842798,0.0384920985272047,0,0,0,0,0,0,0,0,0,0,0,0,0,0,0
1.69173628392963,0.0138808921587087,0.0284957347058826,0.038704047435145,0,0,0,0,0,0,0,0,0,0,0,0,0,0,0
1.70174655779904,0.0141680849600646,0.0288842244180212,0.0389137799448553,0,0,0,0,0,0,0,0,0,0,0,0,0,0,0
1.71175683166845,0.0144591771207443,0.0292748024306767,0.0391212754763194,0,0,0,0,0,0,0,0,0,0,0,0,0,0,0
1.72176710553785,0.0147541894327894,0.0296674462493753,0.0393265137603461,0,0,0,0,0,0,0,0,0,0,0,0,0,0,0
1.73177737940726,0.0150531424620549,0.0300621331782941,0.0395294748374416,0,0,0,0,0,0,0,0,0,0,0,0,0,0,0
1.74178765327667,0.0153560565462099,0.0304588403233556,0.0397301390566807,0,0,0,0,0,0,0,0,0,0,0,0,0,0,0
1.75179792714607,0.015662951792768,0.0308575445953107,0.0399284870745788,0,0,0,0,0,0,0,0,0,0,0,0,0,0,0
1.76180820101548,0.0159738480771487,0.0312582227128111,0.0401244998539635,0,0,0,0,0,0,0,0,0,0,0,0,0,0,0
1.77181847488488,0.0162887650407707,0.0316608512054694,0.040318158662847,0,0,0,0,0,0,0,0,0,0,0,0,0,0,0
1.78182874875429,0.0166077220891738,0.0320654064169086,0.0405094450732969,0,0,0,0,0,0,0,0,0,0,0,0,0,0,0
1.7918390226237,0.016930738390173,0.0324718645078004,0.0406983409603089,0,0,0,0,0,0,0,0,0,0,0,0,0,0,0
1.8018492964931,0.0172578328720419,0.0328802014588916,0.0408848285006779,0,0,0,0,0,0,0,0,0,0,0,0,0,0,0
1.81185957036251,0.0175890242217268,0.0332903930740198,0.04106889017187,0,0,0,0,0,0,0,0,0,0,0,0,0,0,0
1.82186984423191,0.0179243308830911,0.0337024149831172,0.0412505087508947,0,0,0,0,0,0,0,0,0,0,0,0,0,0,0
1.83188011810132,0.0182637710551889,0.0341162426452039,0.0414296673131761,0,0,0,0,0,0,0,0,0,0,0,0,0,0,0
1.84189039197073,0.0186073626905697,0.0345318513513691,0.0416063492314246,0,0,0,0,0,0,0,0,0,0,0,0,0,0,0
1.85190066584013,0.0189551234936115,0.0349492162277418,0.0417805381745094,0,0,0,0,0,0,0,0,0,0,0,0,0,0,0
1.86191093970954,0.0193070709188852,0.0353683122384492,0.0419522181063296,0,0,0,0,0,0,0,0,0,0,0,0,0,0,0
1.87192121357894,0.0196632221695469,0.0357891141885648,0.0421213732846863,0,0,0,0,0,0,0,0,0,0,0,0,0,0,0
1.88193148744835,0.0200235941957608,0.0362115967270449,0.0422879882601543,0,0,0,0,0,0,0,0,0,0,0,0,0,0,0
1.89194176131776,0.0203882036931511,0.0366357343496532,0.0424520478749538,0,0,0,0,0,0,0,0,0,0,0,0,0,0,0
1.90195203518716,0.0207570671012831,0.0370615014018751,0.0426135372618222,0,0,0,0,0,0,0,0,0,0,0,0,0,0,0
1.91196230905657,0.0211302006021731,0.0374888720818198,0.0427724418428862,0,0,0,0,0,0,0,0,0,0,0,0,0,0,0
1.92197258292598,0.0215076201188279,0.0379178204431119,0.0429287473285329,0,0,0,0,0,0,0,0,0,0,0,0,0,0,0
1.93198285679538,0.021889341313813,0.0383483203977711,0.0430824397162824,0,0,0,0,0,0,0,0,0,0,0,0,0,0,0
1.94199313066479,0.0222753795878492,0.0387803457190808,0.0432335052896589,0,0,0,0,0,0,0,0,0,0,0,0,0,0,0
1.95200340453419,0.0226657500784381,0.0392138700444456,0.0433819306170626,0,0,0,0,0,0,0,0,0,0,0,0,0,0,0
1.9620136784036,0.0230604676585163,0.0396488668782372,0.0435277025506421,0,0,0,0,0,0,0,0,0,0,0,0,0,0,0
1.97202395227301,0.023459546935138,0.0400853095946291,0.0436708082251652,0,0,0,0,0,0,0,0,0,0,0,0,0,0,0
1.98203422614241,0.0238630022481858,0.0405231714404204,0.0438112350568915,0,0,0,0,0,0,0,0,0,0,0,0,0,0,0
1.99204450001182,0.0242708476691093,0.0409624255378475,0.0439489707424436,0,0,0,0,0,0,0,0,0,0,0,0,0,0,0
2.00205477388122,0.0246830969996929,0.0414030448873851,0.0440840032576794,0,0,0,0,0,0,0,0,0,0,0,0,0,0,0
2.01206504775063,0.0250997637708503,0.0418450023705362,0.0442163208565633,0,0,0,0,0,0,0,0,0,0,0,0,0,0,0
2.02207532162004,0.0255208612414479,0.0422882707526097,0.0443459120700385,0,0,0,0,0,0,0,0,0,0,0,0,0,0,0
2.03208559548944,0.0259464023971554,0.0427328226854878,0.0444727657048984,0,0,0,0,0,0,0,0,0,0,0,0,0,0,0
2.04209586935885,0.026376399949324,0.0431786307103817,0.0445968708426588,0,0,0,0,0,0,0,0,0,0,0,0,0,0,0
2.05210614322825,0.0268108663338924,0.0436256672605756,0.0447182168384291,0,0,0,0,0,0,0,0,0,0,0,0,0,0,0
2.06211641709766,0.0272498137103204,0.0440739046641605,0.0448367933197846,0,0,0,0,0,0,0,0,0,0,0,0,0,0,0
2.07212669096707,0.0276932539605489,0.0445233151467554,0.0449525901856379,0,0,0,0,0,0,0,0,0,0,0,0,0,0,0
2.08213696483647,0.0281411986879884,0.044973870834218,0.045065597605111,0,0,0,0,0,0,0,0,0,0,0,0,0,0,0
2.09214723870588,0.0285936592165334,0.045425543755344,0.045175806016407,0,0,0,0,0,0,0,0,0,0,0,0,0,0,0
2.10215751257529,0.0290506465896043,0.045878305844555,0.0452832061256814,0,0,0,0,0,0,0,0,0,0,0,0,0,0,0
2.11216778644469,0.0295121715692163,0.0463321289445751,0.0453877889059148,0,0,0,0,0,0,0,0,0,0,0,0,0,0,0
2.1221780603141,0.0299782446350747,0.0467869848090961,0.0454895455957838,0,0,0,0,0,0,0,0,0,0,0,0,0,0,0
2.1321883341835,0.030448875983697,0.0472428451054319,0.0455884676985333,0,0,0,0,0,0,0,0,0,0,0,0,0,0,0
2.14219860805291,0.0309240755275615,0.047699681417161,0.045684546980848,0,0,0,0,0,0,0,0,0,0,0,0,0,0,0
2.15220888192232,0.031403852894282,0.0481574652467579,0.0457777754717243,0,0,0,0,0,0,0,0,0,0,0,0,0,0,0
2.16221915579172,0.0318882174258094,0.0486161680182136,0.0458681454613423,0,0,0,0,0,0,0,0,0,0,0,0,0,0,0
2.17222942966113,0.032377178177659,0.0490757610796439,0.045955649499937,0,0,0,0,0,0,0,0,0,0,0,0,0,0,0
2.18223970353053,0.0328707439181641,0.0495362157058875,0.0460402803966706,0,0,0,0,0,0,0,0,0,0,0,0,0,0,0
2.19224997739994,0.0333689231277549,0.0499975031010923,0.0461220312185042,0,0,0,0,0,0,0,0,0,0,0,0,0,0,0
2.20226025126935,0.0338717239982646,0.0504595944012899,0.0462008952890693,0,0,0,0,0,0,0,0,0,0,0,0,0,0,0
2.21227052513875,0.0343791544322596,0.0509224606769597,0.0462768661875398,0,0,0,0,0,0,0,0,0,0,0,0,0,0,0
2.22228079900816,0.0348912220423967,0.0513860729355812,0.0463499377475037,0,0,0,0,0,0,0,0,0,0,0,0,0,0,0
2.23229107287757,0.0354079341508047,0.051850402124175,0.0464201040558351,0,0,0,0,0,0,0,0,0,0,0,0,0,0,0
2.24230134674697,0.0359292977884922,0.0523154191318329,0.0464873594515657,0,0,0,0,0,0,0,0,0,0,0,0,0,0,0
2.25231162061638,0.0364553196947802,0.0527810947922362,0.0465516985247565,0,0,0,0,0,0,0,0,0,0,0,0,0,0,0
2.26232189448578,0.0369860063167599,0.0532473998861627,0.0466131161153698,0,0,0,0,0,0,0,0,0,0,0,0,0,0,0
2.27233216835519,0.0375213638087757,0.0537143051439833,0.0466716073121412,0,0,0,0,0,0,0,0,0,0,0,0,0,0,0
2.2823424422246,0.0380613980319333,0.0541817812481458,0.0467271674514508,0,0,0,0,0,0,0,0,0,0,0,0,0,0,0
2.292352716094,0.0386061145536318,0.0546497988356491,0.0467797921161953,0,0,0,0,0,0,0,0,0,0,0,0,0,0,0
2.30236298996341,0.0391555186471215,0.0551183285005045,0.04682947713466,0,0,0,0,0,0,0,0,0,0,0,0,0,0,0
2.31237326383281,0.0397096152910861,0.055587340796187,0.04687621857939,0,0,0,0,0,0,0,0,0,0,0,0,0,0,0
2.32238353770222,0.0402684091692484,0.0560568062380745,0.0469200127660626,0,0,0,0,0,0,0,0,0,0,0,0,0,0,0
2.33239381157163,0.0408319046700017,0.0565266953058759,0.0469608562523585,0,0,0,0,0,0,0,0,0,0,0,0,0,0,0
2.34240408544103,0.0414001058860645,0.0569969784460483,0.0469987458368343,0,0,0,0,0,0,0,0,0,0,0,0,0,0,0
2.35241435931044,0.0419730166141602,0.0574676260742022,0.0470336785577933,0,0,0,0,0,0,0,0,0,0,0,0,0,0,0
2.36242463317984,0.0425506403547195,0.057938608577496,0.0470656516921582,0,0,0,0,0,0,0,0,0,0,0,0,0,0,0
2.37243490704925,0.0431329803116083,0.0584098963170191,0.0470946627543425,0,0,0,0,0,0,0,0,0,0,0,0,0,0,0
2.38244518091866,0.0437200393918783,0.0588814596301634,0.047120709495122,0,0,0,0,0,0,0,0,0,0,0,0,0,0,0
2.39245545478806,0.0443118202055414,0.0593532688329836,0.0471437899005071,0,0,0,0,0,0,0,0,0,0,0,0,0,0,0
2.40246572865747,0.0449083250653683,0.0598252942225468,0.0471639021906142,0,0,0,0,0,0,0,0,0,0,0,0,0,0,0
2.41247600252688,0.0455095559867098,0.0602975060792698,0.0471810448185378,0,0,0,0,0,0,0,0,0,0,0,0,0,0,0
2.42248627639628,0.0461155146873419,0.0607698746692458,0.0471952164692219,0,0,0,0,0,0,0,0,0,0,0,0,0,0,0
2.43249655026569,0.0467262025873341,0.0612423702465598,0.047206416058332,0,0,0,0,0,0,0,0,0,0,0,0,0,0,0
2.44250682413509,0.0473416208089407,0.0617149630555923,0.0472146427311268,0,0,0,0,0,0,0,0,0,0,0,0,0,0,0
2.4525170980045,0.0479617701765149,0.0621876233333121,0.0472198958613303,0,0,0,0,0,0,0,0,0,0,0,0,0,0,0
2.46252737187391,0.0485866512164464,0.0626603213115576,0.0472221750500028,0,0,0,0,0,0,0,0,0,0,0,0,0,0,0
2.47253764574331,0.0492162641571212,0.0631330272193068,0.0472214801244138,0,0,0,0,0,0,0,0,0,0,0,0,0,0,0
2.48254791961272,0.0498506089289042,0.0636057112849361,0.0472178111369125,0,0,0,0,0,0,0,0,0,0,0,0,0,0,0
2.49255819348212,0.0504896851641448,0.064078343738468,0.0472111683638006,0,0,0,0,0,0,0,0,0,0,0,0,0,0,0
2.50256846735153,0.0511334921972042,0.0645508948138067,0.0472015523042039,0,0,0,0,0,0,0,0,0,0,0,0,0,0,0
2.51257874122094,0.0517820290645056,0.0650233347509637,0.0471889636789434,0,0,0,0,0,0,0,0,0,0,0,0,0,0,0
2.52258901509034,0.0524352945046062,0.0654956337982707,0.0471734034294078,0,0,0,0,0,0,0,0,0,0,0,0,0,0,0
2.53259928895975,0.0530932869582919,0.0659677622145825,0.0471548727164252,0,0,0,0,0,0,0,0,0,0,0,0,0,0,0
2.54260956282915,0.0537560045686933,0.0664396902714676,0.0471333729191345,0,0,0,0,0,0,0,0,0,0,0,0,0,0,0
2.55261983669856,0.054423445181424,0.0669113882553881,0.0471089056338575,0,0,0,0,0,0,0,0,0,0,0,0,0,0,0
2.56263011056797,0.0550956063447406,0.0673828264698679,0.0470814726729705,0,0,0,0,0,0,0,0,0,0,0,0,0,0,0
2.57264038443737,0.0557724853097241,0.0678539752376501,0.0470510760637762,0,0,0,0,0,0,0,0,0,0,0,0,0,0,0
2.58265065830678,0.0564540790304834,0.0683248049028425,0.0470177180473755,0,0,0,0,0,0,0,0,0,0,0,0,0,0,0
2.59266093217619,0.0571403841643794,0.0687952858330526,0.046981401077539,0,0,0,0,0,0,0,0,0,0,0,0,0,0,0
2.60267120604559,0.0578313970722713,0.0692653884215104,0.0469421278195792,0,0,0,0,0,0,0,0,0,0,0,0,0,0,0
2.612681479915,0.0585271138187834,0.0697350830891803,0.046899901149222,0,0,0,0,0,0,0,0,0,0,0,0,0,0,0
2.6226917537844,0.0592275301725933,0.0702043402868624,0.0468547241514785,0,0,0,0,0,0,0,0,0,0,0,0,0,0,0
2.63270202765381,0.0599326416067411,0.070673130497281,0.0468066001195169,0,0,0,0,0,0,0,0,0,0,0,0,0,0,0
2.64271230152322,0.0606424432989594,0.0711414242371632,0.046755532553534,0,0,0,0,0,0,0,0,0,0,0,0,0,0,0
2.65272257539262,0.0613569301320239,0.0716091920593056,0.0467015251596275,0,0,0,0,0,0,0,0,0,0,0,0,0,0,0
2.66273284926203,0.0620760966941248,0.0720764045546297,0.0466445818486672,0,0,0,0,0,0,0,0,0,0,0,0,0,0,0
2.67274312313143,0.062799937279259,0.0725430323542258,0.046584706735167,0,0,0,0,0,0,0,0,0,0,0,0,0,0,0
2.68275339700084,0.0635284458876417,0.0730090461313867,0.0465219041361569,0,0,0,0,0,0,0,0,0,0,0,0,0,0,0
2.69276367087025,0.0642616162261396,0.0734744166036282,0.0464561785700545,0,0,0,0,0,0,0,0,0,0,0,0,0,0,0
2.70277394473965,0.0649994417087235,0.0739391145347005,0.0463875347555368,0,0,0,0,0,0,0,0,0,0,0,0,0,0,0
2.71278421860906,0.0657419154569411,0.0744031107365861,0.0463159776104121,0,0,0,0,0,0,0,0,0,0,0,0,0,0,0
2.72279449247847,0.0664890303004095,0.0748663760714887,0.0462415122504917,0,0,0,0,0,0,0,0,0,0,0,0,0,0,0
2.73280476634787,0.0672407787773283,0.0753288814538085,0.0461641439884619,0,0,0,0,0,0,0,0,0,0,0,0,0,0,0
2.74281504021728,0.0679971531350118,0.0757905978521081,0.0460838783327551,0,0,0,0,0,0,0,0,0,0,0,0,0,0,0
2.75282531408668,0.0687581453304408,0.0762514962910658,0.0460007209864225,0,0,0,0,0,0,0,0,0,0,0,0,0,0,0
2.76283558795609,0.069523747030834,0.0767115478534188,0.0459146778460052,0,0,0,0,0,0,0,0,0,0,0,0,0,0,0
2.7728458618255,0.0702939496142394,0.0771707236818935,0.0458257550004063,0,0,0,0,0,0,0,0,0,0,0,0,0,0,0
2.7828561356949,0.0710687441701438,0.0776289949811265,0.0457339587297625,0,0,0,0,0,0,0,0,0,0,0,0,0,0,0
2.79286640956431,0.0718481215001025,0.0780863330195723,0.0456392955043161,0,0,0,0,0,0,0,0,0,0,0,0,0,0,0
2.80287668343371,0.0726320721183871,0.0785427091314014,0.0455417719832865,0,0,0,0,0,0,0,0,0,0,0,0,0,0,0
2.81288695730312,0.0734205862526539,0.078998094718386,0.0454413950137421,0,0,0,0,0,0,0,0,0,0,0,0,0,0,0
2.82289723117253,0.0742136538446287,0.0794524612517747,0.0453381716294723,0,0,0,0,0,0,0,0,0,0,0,0,0,0,0
2.83290750504193,0.0750112645508124,0.0799057802741562,0.0452321090498588,0,0,0,0,0,0,0,0,0,0,0,0,0,0,0
2.84291777891134,0.0758134077432041,0.0803580234013113,0.045123214678748,0,0,0,0,0,0,0,0,0,0,0,0,0,0,0
2.85292805278074,0.0766200725100435,0.0808091623240542,0.045011496103322,0,0,0,0,0,0,0,0,0,0,0,0,0,0,0
2.86293832665015,0.0774312476565703,0.0812591688100615,0.044896961092971,0,0,0,0,0,0,0,0,0,0,0,0,0,0,0
2.87294860051956,0.0782469217058034,0.0817080147056908,0.0447796175981652,0,0,0,0,0,0,0,0,0,0,0,0,0,0,0
2.88295887438896,0.0790670828993375,0.0821556719377878,0.0446594737493257,0,0,0,0,0,0,0,0,0,0,0,0,0,0,0
2.89296914825837,0.0798917191981575,0.082602112515482,0.0445365378556971,0,0,0,0,0,0,0,0,0,0,0,0,0,0,0
2.90297942212778,0.0807208182834714,0.0830473085319708,0.0444108184042192,0,0,0,0,0,0,0,0,0,0,0,0,0,0,0
2.91298969599718,0.0815543675575606,0.083491232166293,0.0442823240583982,0,0,0,0,0,0,0,0,0,0,0,0,0,0,0
2.92299996986659,0.0823923541446482,0.0839338556850907,0.0441510636571793,0,0,0,0,0,0,0,0,0,0,0,0,0,0,0
2.93301024373599,0.0832347648917843,0.0843751514443594,0.0440170462138176,0,0,0,0,0,0,0,0,0,0,0,0,0,0,0
2.9430205176054,0.0840815863697496,0.0848150918911874,0.0438802809147508,0,0,0,0,0,0,0,0,0,0,0,0,0,0,0
2.95303079147481,0.0849328048739757,0.0852536495654842,0.0437407771184701,0,0,0,0,0,0,0,0,0,0,0,0,0,0,0
2.96304106534421,0.0857884064254831,0.0856907971016966,0.0435985443543927,0,0,0,0,0,0,0,0,0,0,0,0,0,0,0
2.97305133921362,0.0866483767718357,0.0861265072305143,0.0434535923217329,0,0,0,0,0,0,0,0,0,0,0,0,0,0,0
2.98306161308302,0.0875127013881128,0.0865607527805638,0.0433059308883747,0,0,0,0,0,0,0,0,0,0,0,0,0,0,0
2.99307188695243,0.0883813654778985,0.0869935066800916,0.0431555700897426,0,0,0,0,0,0,0,0,0,0,0,0,0,0,0
3.00308216082184,0.0892543539742862,0.0874247419586353,0.0430025201276743,0,0,0,0,0,0,0,0,0,0,0,0,0,0,0
3.01309243469124,0.090131651540902,0.0878544317486838,0.0428467913692919,0,0,0,0,0,0,0,0,0,0,0,0,0,0,0
3.02310270856065,0.0910132425729427,0.0882825492873264,0.0426883943458739,0,0,0,0,0,0,0,0,0,0,0,0,0,0,0
3.03311298243006,0.0918991111982317,0.0887090679178903,0.0425273397517268,0,0,0,0,0,0,0,0,0,0,0,0,0,0,0
3.04312325629946,0.0927892412782901,0.0891339610915669,0.0423636384430573,0,0,0,0,0,0,0,0,0,0,0,0,0,0,0
3.05313353016887,0.0936836164094246,0.0895572023690268,0.0421973014368434,0,0,0,0,0,0,0,0,0,0,0,0,0,0,0
3.06314380403827,0.0945822199238323,0.0899787654220236,0.0420283399097069,0,0,0,0,0,0,0,0,0,0,0,0,0,0,0
3.07315407790768,0.0954850348907191,0.0903986240349862,0.0418567651967845,0,0,0,0,0,0,0,0,0,0,0,0,0,0,0
3.08316435177709,0.0963920441174371,0.0908167521066,0.0416825887906002,0,0,0,0,0,0,0,0,0,0,0,0,0,0,0
3.09317462564649,0.0973032301506352,0.0912331236513768,0.0415058223399366,0,0,0,0,0,0,0,0,0,0,0,0,0,0,0
3.1031848995159,0.0982185752774268,0.0916477128012134,0.0413264776487071,0,0,0,0,0,0,0,0,0,0,0,0,0,0,0
3.1131951733853,0.0991380615265722,0.0920604938069387,0.0411445666748272,0,0,0,0,0,0,0,0,0,0,0,0,0,0,0
3.12320544725471,0.100061670669678,0.0924714410398495,0.0409601015290867,0,0,0,0,0,0,0,0,0,0,0,0,0,0,0
3.13321572112412,0.100989384222408,0.0928805289932354,0.0407730944740212,0,0,0,0,0,0,0,0,0,0,0,0,0,0,0
3.14322599499352,0.101921183445716,0.0932877322838926,0.0405835579227839,0,0,0,0,0,0,0,0,0,0,0,0,0,0,0
3.15323626886293,0.102857049347085,0.0936930256536249,0.0403915044380178,0,0,0,0,0,0,0,0,0,0,0,0,0,0,0
3.16324654273233,0.103796962681791,0.0940963839707355,0.0401969467307267,0,0,0,0,0,0,0,0,0,0,0,0,0,0,0
3.17325681660174,0.104740903954173,0.0944977822315061,0.0399998976591477,0,0,0,0,0,0,0,0,0,0,0,0,0,0,0
3.18326709047115,0.105688853418921,0.0948971955616648,0.0398003702276227,0,0,0,0,0,0,0,0,0,0,0,0,0,0,0
3.19327736434055,0.106640791082384,0.0952945992178434,0.0395983775854699,0,0,0,0,0,0,0,0,0,0,0,0,0,0,0
3.20328763820996,0.107596696703882,0.0956899685890231,0.0393939330258562,0,0,0,0,0,0,0,0,0,0,0,0,0,0,0
3.21329791207937,0.10855654979704,0.0960832791979686,0.0391870499846683,0,0,0,0,0,0,0,0,0,0,0,0,0,0,0
3.22330818594877,0.109520329631136,0.0964745067026508,0.0389777420393851,0,0,0,0,0,0,0,0,0,0,0,0,0,0,0
3.23331845981818,0.110488015232461,0.0968636268976591,0.0387660229079488,0,0,0,0,0,0,0,0,0,0,0,0,0,0,0
3.24332873368758,0.111459585385691,0.0972506157156017,0.0385519064476376,0,0,0,0,0,0,0,0,0,0,0,0,0,0,0
3.25333900755699,0.112435018635277,0.0976354492284944,0.0383354066539363,0,0,0,0,0,0,0,0,0,0,0,0,0,0,0
3.2633492814264,0.113414293286851,0.0980181036491388,0.0381165376594093,0,0,0,0,0,0,0,0,0,0,0,0,0,0,0
3.2733595552958,0.114397387408635,0.0983985553324887,0.0378953137325714,0,0,0,0,0,0,0,0,0,0,0,0,0,0,0
3.28336982916521,0.115384278832879,0.0987767807770055,0.0376717492767602,0,0,0,0,0,0,0,0,0,0,0,0,0,0,0
3.29338010303461,0.116374945157296,0.0991527566260018,0.0374458588290074,0,0,0,0,0,0,0,0,0,0,0,0,0,0,0
3.30339037690402,0.117369363746524,0.0995264596689746,0.037217657058911,0,0,0,0,0,0,0,0,0,0,0,0,0,0,0
3.31340065077343,0.118367511733598,0.0998978668429262,0.0369871587675069,0,0,0,0,0,0,0,0,0,0,0,0,0,0,0
3.32341092464283,0.119369366021424,0.100266955233675,0.0367543788861407,0,0,0,0,0,0,0,0,0,0,0,0,0,0,0
3.33342119851224,0.120374903284285,0.100633702077152,0.0365193324753392,0,0,0,0,0,0,0,0,0,0,0,0,0,0,0
3.34343147238164,0.121384099969346,0.100998084760693,0.0362820347236829,0,0,0,0,0,0,0,0,0,0,0,0,0,0,0
3.35344174625105,0.122396932298175,0.10136008082431,0.0360425009466768,0,0,0,0,0,0,0,0,0,0,0,0,0,0,0
3.36345202012046,0.123413376268279,0.101719667961957,0.0358007465856231,0,0,0,0,0,0,0,0,0,0,0,0,0,0,0
3.37346229398986,0.124433407654651,0.102076824022787,0.0355567872064923,0,0,0,0,0,0,0,0,0,0,0,0,0,0,0
3.38347256785927,0.125457002011331,0.10243152701239,0.0353106384987954,0,0,0,0,0,0,0,0,0,0,0,0,0,0,0
3.39348284172868,0.126484134672976,0.102783755094027,0.0350623162744554,0,0,0,0,0,0,0,0,0,0,0,0,0,0,0
3.40349311559808,0.127514780756445,0.103133486589849,0.0348118364666793,0,0,0,0,0,0,0,0,0,0,0,0,0,0,0
3.41350338946749,0.128548915162398,0.103480699982104,0.0345592151288299,0,0,0,0,0,0,0,0,0,0,0,0,0,0,0
3.42351366333689,0.129586512576901,0.103825373914335,0.0343044684332971,0,0,0,0,0,0,0,0,0,0,0,0,0,0,0
3.4335239372063,0.130627547473049,0.104167487192567,0.0340476126703704,0,0,0,0,0,0,0,0,0,0,0,0,0,0,0
3.44353421107571,0.131671994112598,0.10450701878648,0.0337886642471099,0,0,0,0,0,0,0,0,0,0,0,0,0,0,0
3.45354448494511,0.132719826547608,0.104843947830575,0.0335276396862189,0,0,0,0,0,0,0,0,0,0,0,0,0,0,0
3.46355475881452,0.133771018622099,0.105178253625321,0.033264555624915,0,0,0,0,0,0,0,0,0,0,0,0,0,0,0
3.47356503268392,0.13482554397372,0.1055099156383,0.0329994288138025,0,0,0,0,0,0,0,0,0,0,0,0,0,0,0
3.48357530655333,0.135883376035424,0.105838913505334,0.0327322761157432,0,0,0,0,0,0,0,0,0,0,0,0,0,0,0
3.49358558042274,0.136944488037163,0.106165227031607,0.0324631145047295,0,0,0,0,0,0,0,0,0,0,0,0,0,0,0
3.50359585429214,0.138008853007582,0.106488836192764,0.0321919610647548,0,0,0,0,0,0,0,0,0,0,0,0,0,0,0
3.51360612816155,0.139076443775736,0.106809721136015,0.0319188329886866,0,0,0,0,0,0,0,0,0,0,0,0,0,0,0
3.52361640203095,0.140147232972811,0.107127862181214,0.0316437475771372,0,0,0,0,0,0,0,0,0,0,0,0,0,0,0
3.53362667590036,0.14122119303386,0.107443239821935,0.031366722237336,0,0,0,0,0,0,0,0,0,0,0,0,0,0,0
3.54363694976977,0.142298296199543,0.10775583472653,0.0310877744820013,0,0,0,0,0,0,0,0,0,0,0,0,0,0,0
3.55364722363917,0.143378514517883,0.108065627739183,0.0308069219282119,0,0,0,0,0,0,0,0,0,0,0,0,0,0,0
3.56365749750858,0.144461819846037,0.108372599880945,0.0305241822962786,0,0,0,0,0,0,0,0,0,0,0,0,0,0,0
3.57366777137799,0.145548183852061,0.108676732350768,0.0302395734086171,0,0,0,0,0,0,0,0,0,0,0,0,0,0,0
3.58367804524739,0.146637578016708,0.108978006526515,0.0299531131886185,0,0,0,0,0,0,0,0,0,0,0,0,0,0,0
3.5936883191168,0.147729973635213,0.109276403965967,0.0296648196595214,0,0,0,0,0,0,0,0,0,0,0,0,0,0,0
3.6036985929862,0.148825341819108,0.10957190640782,0.0293747109432842,0,0,0,0,0,0,0,0,0,0,0,0,0,0,0
3.61370886685561,0.14992365349803,0.109864495772664,0.0290828052594563,0,0,0,0,0,0,0,0,0,0,0,0,0,0,0
3.62371914072502,0.151024879421555,0.110154154163956,0.0287891209240504,0,0,0,0,0,0,0,0,0,0,0,0,0,0,0
3.63372941459442,0.152128990161025,0.110440863868977,0.0284936763484137,0,0,0,0,0,0,0,0,0,0,0,0,0,0,0
3.64373968846383,0.1532359561114,0.110724607359786,0.0281964900381001,0,0,0,0,0,0,0,0,0,0,0,0,0,0,0
3.65374996233323,0.154345747493107,0.111005367294153,0.0278975805917418,0,0,0,0,0,0,0,0,0,0,0,0,0,0,0
3.66376023620264,0.155458334353906,0.111283126516488,0.0275969666999211,0,0,0,0,0,0,0,0,0,0,0,0,0,0,0
3.67377051007205,0.156573686570765,0.111557868058753,0.0272946671440423,0,0,0,0,0,0,0,0,0,0,0,0,0,0,0
3.68378078394145,0.157691773851738,0.111829575141366,0.0269907007952031,0,0,0,0,0,0,0,0,0,0,0,0,0,0,0
3.69379105781086,0.158812565737858,0.112098231174096,0.0266850866130671,0,0,0,0,0,0,0,0,0,0,0,0,0,0,0
3.70380133168026,0.159936031605037,0.112363819756942,0.0263778436447349,0,0,0,0,0,0,0,0,0,0,0,0,0,0,0
3.71381160554967,0.161062140665973,0.112626324681002,0.0260689910236158,0,0,0,0,0,0,0,0,0,0,0,0,0,0,0
3.72382187941908,0.162190861972071,0.11288572992933,0.0257585479683005,0,0,0,0,0,0,0,0,0,0,0,0,0,0,0
3.73383215328848,0.163322164415363,0.113142019677788,0.0254465337814318,0,0,0,0,0,0,0,0,0,0,0,0,0,0,0
3.74384242715789,0.16445601673045,0.113395178295879,0.025132967848577,0,0,0,0,0,0,0,0,0,0,0,0,0,0,0
3.7538527010273,0.165592387496435,0.113645190347567,0.0248178696370994,0,0,0,0,0,0,0,0,0,0,0,0,0,0,0
3.7638629748967,0.166731245138882,0.113892040592099,0.0245012586950305,0,0,0,0,0,0,0,0,0,0,0,0,0,0,0
3.77387324876611,0.167872557931772,0.1141357139848,0.0241831546499411,0,0,0,0,0,0,0,0,0,0,0,0,0,0,0
3.78388352263551,0.169016293999467,0.114376195677865,0.0238635772078137,0,0,0,0,0,0,0,0,0,0,0,0,0,0,0
3.79389379650492,0.170162421318689,0.114613471021142,0.0235425461519139,0,0,0,0,0,0,0,0,0,0,0,0,0,0,0
3.80390407037433,0.1713109077205,0.114847525562893,0.0232200813416625,0,0,0,0,0,0,0,0,0,0,0,0,0,0,0
3.81391434424373,0.172461720892291,0.115078345050559,0.0228962027115068,0,0,0,0,0,0,0,0,0,0,0,0,0,0,0
3.82392461811314,0.173614828379783,0.115305915431497,0.0225709302697929,0,0,0,0,0,0,0,0,0,0,0,0,0,0,0
3.83393489198254,0.174770197589029,0.115530222853721,0.022244284097637,0,0,0,0,0,0,0,0,0,0,0,0,0,0,0
3.84394516585195,0.175927795788427,0.11575125366662,0.0219162843477978,0,0,0,0,0,0,0,0,0,0,0,0,0,0,0
3.85395543972136,0.17708759011074,0.115968994421674,0.0215869512435474,0,0,0,0,0,0,0,0,0,0,0,0,0,0,0
3.86396571359076,0.178249547555121,0.11618343187315,0.021256305077544,0,0,0,0,0,0,0,0,0,0,0,0,0,0,0
3.87397598746017,0.179413634989149,0.116394552978793,0.0209243662107029,0,0,0,0,0,0,0,0,0,0,0,0,0,0,0
3.88398626132958,0.180579819150867,0.116602344900502,0.020591155071069,0,0,0,0,0,0,0,0,0,0,0,0,0,0,0
3.89399653519898,0.181748066650829,0.116806795005001,0.0202566921526881,0,0,0,0,0,0,0,0,0,0,0,0,0,0,0
3.90400680906839,0.182918343974155,0.117007890864486,0.0199209980144784,0,0,0,0,0,0,0,0,0,0,0,0,0,0,0
3.91401708293779,0.184090617482592,0.117205620257277,0.0195840932791033,0,0,0,0,0,0,0,0,0,0,0,0,0,0,0
3.9240273568072,0.185264853416575,0.117399971168447,0.019245998631842,0,0,0,0,0,0,0,0,0,0,0,0,0,0,0
3.93403763067661,0.186441017897307,0.11759093179044,0.018906734819462,0,0,0,0,0,0,0,0,0,0,0,0,0,0,0
3.94404790454601,0.187619076928834,0.117778490523686,0.0185663226490908,0,0,0,0,0,0,0,0,0,0,0,0,0,0,0
3.95405817841542,0.18879899640013,0.117962635977197,0.0182247829870874,0,0,0,0,0,0,0,0,0,0,0,0,0,0,0
3.96406845228482,0.189980742087189,0.118143356969155,0.0178821367579143,0,0,0,0,0,0,0,0,0,0,0,0,0,0,0
3.97407872615423,0.191164279655121,0.118320642527487,0.0175384049430095,0,0,0,0,0,0,0,0,0,0,0,0,0,0,0
3.98408900002364,0.192349574660254,0.118494481890433,0.0171936085796576,0,0,0,0,0,0,0,0,0,0,0,0,0,0,0
3.99409927389304,0.193536592552245,0.118664864507092,0.0168477687598621,0,0,0,0,0,0,0,0,0,0,0,0,0,0,0
4.00410954776245,0.194725298676189,0.118831780037972,0.0165009066292171,0,0,0,0,0,0,0,0,0,0,0,0,0,0,0
4.01411982163185,0.19591565827474,0.118995218355519,0.0161530433857792,0,0,0,0,0,0,0,0,0,0,0,0,0,0,0
4.02413009550126,0.197107636490238,0.119155169544632,0.015804200278939,0,0,0,0,0,0,0,0,0,0,0,0,0,0,0
4.03414036937067,0.198301198366834,0.119311623903176,0.0154543986082926,0,0,0,0,0,0,0,0,0,0,0,0,0,0,0
4.04415064324007,0.199496308852625,0.119464571942478,0.0151036597225146,0,0,0,0,0,0,0,0,0,0,0,0,0,0,0
4.05416091710948,0.200692932801795,0.119614004387812,0.0147520050182281,0,0,0,0,0,0,0,0,0,0,0,0,0,0,0
4.06417119097889,0.201891034976759,0.119759912178871,0.0143994559388784,0,0,0,0,0,0,0,0,0,0,0,0,0,0,0
4.07418146484829,0.203090580050311,0.119902286470235,0.0140460339736029,0,0,0,0,0,0,0,0,0,0,0,0,0,0,0
4.0841917387177,0.204291532607776,0.120041118631819,0.0136917606561045,0,0,0,0,0,0,0,0,0,0,0,0,0,0,0
4.0942020125871,0.205493857149169,0.120176400249315,0.0133366575635221,0,0,0,0,0,0,0,0,0,0,0,0,0,0,0
4.10421228645651,0.20669751809136,0.120308123124621,0.0129807463153034,0,0,0,0,0,0,0,0,0,0,0,0,0,0,0
4.11422256032592,0.207902479770235,0.120436279276258,0.0126240485720757,0,0,0,0,0,0,0,0,0,0,0,0,0,0,0
4.12423283419532,0.20910870644287,0.120560860939778,0.0122665860345189,0,0,0,0,0,0,0,0,0,0,0,0,0,0,0
4.13424310806473,0.210316162289704,0.120681860568157,0.0119083804422358,0,0,0,0,0,0,0,0,0,0,0,0,0,0,0
4.14425338193413,0.211524811416719,0.120799270832181,0.0115494535726253,0,0,0,0,0,0,0,0,0,0,0,0,0,0,0
4.15426365580354,0.212734617857621,0.120913084620821,0.0111898272397529,0,0,0,0,0,0,0,0,0,0,0,0,0,0,0
4.16427392967295,0.213945545576026,0.121023295041588,0.0108295232932237,0,0,0,0,0,0,0,0,0,0,0,0,0,0,0
4.17428420354235,0.21515755846765,0.121129895420887,0.0104685636170533,0,0,0,0,0,0,0,0,0,0,0,0,0,0,0
4.18429447741176,0.216370620362502,0.121232879304357,0.0101069701285401,0,0,0,0,0,0,0,0,0,0,0,0,0,0,0
4.19430475128117,0.217584695027077,0.121332240457198,0.00974476477713599,0,0,0,0,0,0,0,0,0,0,0,0,0,0,0
4.20431502515057,0.218799746166562,0.121427972864484,0.00938196954332013,0,0,0,0,0,0,0,0,0,0,0,0,0,0,0
4.21432529901998,0.220015737427032,0.12152007073147,0.00901860643746882,0,0,0,0,0,0,0,0,0,0,0,0,0,0,0
4.22433557288938,0.22123263239766,0.121608528483887,0.00865469749872844,0,0,0,0,0,0,0,0,0,0,0,0,0,0,0
4.23434584675879,0.222450394612921,0.121693340768224,0.00829026479388644,0,0,0,0,0,0,0,0,0,0,0,0,0,0,0
4.2443561206282,0.22366898755481,0.121774502451997,0.00792533041624387,0,0,0,0,0,0,0,0,0,0,0,0,0,0,0
4.2543663944976,0.224888374655049,0.12185200862401,0.00755991648448626,0,0,0,0,0,0,0,0,0,0,0,0,0,0,0
4.26437666836701,0.226108519297306,0.121925854594603,0.00719404514155659,0,0,0,0,0,0,0,0,0,0,0,0,0,0,0
4.27438694223641,0.227329384819417,0.121996035895891,0.00682773855352597,0,0,0,0,0,0,0,0,0,0,0,0,0,0,0
4.28439721610582,0.228550934515599,0.122062548281989,0.00646101890846602,0,0,0,0,0,0,0,0,0,0,0,0,0,0,0
4.29440748997523,0.229773131638684,0.122125387729222,0.00609390841532006,0,0,0,0,0,0,0,0,0,0,0,0,0,0,0
4.30441776384463,0.230995939402337,0.122184550436337,0.00572642930277594,0,0,0,0,0,0,0,0,0,0,0,0,0,0,0
4.31442803771404,0.232219320983283,0.122240032824689,0.00535860381813694,0,0,0,0,0,0,0,0,0,0,0,0,0,0,0
4.32443831158345,0.233443239523542,0.122291831538423,0.00499045422619339,0,0,0,0,0,0,0,0,0,0,0,0,0,0,0
4.33444858545285,0.234667658132655,0.122339943444641,0.00462200280809549,0,0,0,0,0,0,0,0,0,0,0,0,0,0,0
4.34445885932226,0.235892539889921,0.122384365633566,0.00425327186022391,0,0,0,0,0,0,0,0,0,0,0,0,0,0,0
4.35446913319166,0.237117847846624,0.122425095418685,0.00388428369306238,0,0,0,0,0,0,0,0,0,0,0,0,0,0,0
4.36447940706107,0.238343545028277,0.122462130336882,0.00351506063006919,0,0,0,0,0,0,0,0,0,0,0,0,0,0,0
4.37448968093048,0.239569594436856,0.12249546814857,0.0031456250065488,0,0,0,0,0,0,0,0,0,0,0,0,0,0,0
4.38449995479988,0.240795959053033,0.122525106837794,0.00277599916852381,0,0,0,0,0,0,0,0,0,0,0,0,0,0,0
4.39451022866929,0.242022601838423,0.12255104461234,0.00240620547160698,0,0,0,0,0,0,0,0,0,0,0,0,0,0,0
4.40452050253869,0.243249485737821,0.122573279903825,0.00203626627987231,0,0,0,0,0,0,0,0,0,0,0,0,0,0,0
4.4145307764081,0.24447657368144,0.122591811367772,0.00166620396472768,0,0,0,0,0,0,0,0,0,0,0,0,0,0,0
4.42454105027751,0.245703828587157,0.122606637883679,0.00129604090378589,0,0,0,0,0,0,0,0,0,0,0,0,0,0,0
4.43455132414691,0.246931213362754,0.122617758555078,0.000925799479736773,0,0,0,0,0,0,0,0,0,0,0,0,0,0,0
4.44456159801632,0.24815869090816,0.122625172709579,0.000555502079219049,0,0,0,0,0,0,0,0,0,0,0,0,0,0,0
4.45457187188572,0.249386224117696,0.122628879898903,0.000185171091691871,0,0,0,0,0,0,0,0,0,0,0,0,0,0,0
4.46458214575513,0.250613775882315,0.122628879898903,-0.000185171091693139,0,0,0,0,0,0,0,0,0,0,0,0,0,0,0
4.47459241962454,0.251841309091851,0.122625172709579,-0.00055550207922025,0,0,0,0,0,0,0,0,0,0,0,0,0,0,0
4.48460269349394,0.253068786637257,0.122617758555078,-0.000925799479737979,0,0,0,0,0,0,0,0,0,0,0,0,0,0,0
4.49461296736335,0.254296171412854,0.122606637883679,-0.00129604090378718,0,0,0,0,0,0,0,0,0,0,0,0,0,0,0
4.50462324123276,0.255523426318571,0.122591811367772,-0.00166620396472897,0,0,0,0,0,0,0,0,0,0,0,0,0,0,0
4.51463351510216,0.25675051426219,0.122573279903825,-0.00203626627987368,0,0,0,0,0,0,0,0,0,0,0,0,0,0,0
4.52464378897157,0.257977398161588,0.12255104461234,-0.00240620547160822,0,0,0,0,0,0,0,0,0,0,0,0,0,0,0
4.53465406284097,0.259204040946978,0.122525106837793,-0.002775999168525,0,0,0,0,0,0,0,0,0,0,0,0,0,0,0
4.54466433671038,0.260430405563155,0.122495468148569,-0.00314562500655,0,0,0,0,0,0,0,0,0,0,0,0,0,0,0
4.55467461057979,0.261656454971733,0.122462130336882,-0.00351506063007033,0,0,0,0,0,0,0,0,0,0,0,0,0,0,0
4.56468488444919,0.262882152153387,0.122425095418685,-0.00388428369306355,0,0,0,0,0,0,0,0,0,0,0,0,0,0,0
4.5746951583186,0.26410746011009,0.122384365633566,-0.00425327186022517,0,0,0,0,0,0,0,0,0,0,0,0,0,0,0
4.584705432188,0.265332341867355,0.122339943444641,-0.00462200280809663,0,0,0,0,0,0,0,0,0,0,0,0,0,0,0
4.59471570605741,0.266556760476469,0.122291831538422,-0.00499045422619463,0,0,0,0,0,0,0,0,0,0,0,0,0,0,0
4.60472597992682,0.267780679016728,0.122240032824689,-0.00535860381813807,0,0,0,0,0,0,0,0,0,0,0,0,0,0,0
4.61473625379622,0.269004060597675,0.122184550436337,-0.00572642930277731,0,0,0,0,0,0,0,0,0,0,0,0,0,0,0
4.62474652766563,0.270226868361326,0.122125387729222,-0.00609390841532147,0,0,0,0,0,0,0,0,0,0,0,0,0,0,0
4.63475680153504,0.271449065484412,0.122062548281988,-0.00646101890846712,0,0,0,0,0,0,0,0,0,0,0,0,0,0,0
4.64476707540444,0.272670615180594,0.121996035895891,-0.00682773855352738,0,0,0,0,0,0,0,0,0,0,0,0,0,0,0
4.65477734927385,0.273891480702704,0.121925854594603,-0.00719404514155796,0,0,0,0,0,0,0,0,0,0,0,0,0,0,0
4.66478762314325,0.275111625344962,0.12185200862401,-0.00755991648448768,0,0,0,0,0,0,0,0,0,0,0,0,0,0,0
4.67479789701266,0.276331012445201,0.121774502451997,-0.00792533041624513,0,0,0,0,0,0,0,0,0,0,0,0,0,0,0
4.68480817088207,0.27754960538709,0.121693340768224,-0.00829026479388788,0,0,0,0,0,0,0,0,0,0,0,0,0,0,0
4.69481844475147,0.278767367602351,0.121608528483887,-0.00865469749872971,0,0,0,0,0,0,0,0,0,0,0,0,0,0,0
4.70482871862088,0.279984262572979,0.121520070731469,-0.00901860643747028,0,0,0,0,0,0,0,0,0,0,0,0,0,0,0
4.71483899249028,0.281200253833449,0.121427972864483,-0.00938196954332142,0,0,0,0,0,0,0,0,0,0,0,0,0,0,0
4.72484926635969,0.282415304972934,0.121332240457198,-0.00974476477713735,0,0,0,0,0,0,0,0,0,0,0,0,0,0,0
4.7348595402291,0.283629379637509,0.121232879304357,-0.0101069701285411,0,0,0,0,0,0,0,0,0,0,0,0,0,0,0
4.7448698140985,0.28484244153236,0.121129895420887,-0.0104685636170546,0,0,0,0,0,0,0,0,0,0,0,0,0,0,0
4.75488008796791,0.286054454423985,0.121023295041587,-0.010829523293225,0,0,0,0,0,0,0,0,0,0,0,0,0,0,0
4.76489036183731,0.28726538214239,0.120913084620821,-0.0111898272397543,0,0,0,0,0,0,0,0,0,0,0,0,0,0,0
4.77490063570672,0.288475188583292,0.120799270832181,-0.0115494535726265,0,0,0,0,0,0,0,0,0,0,0,0,0,0,0
4.78491090957613,0.289683837710307,0.120681860568156,-0.0119083804422371,0,0,0,0,0,0,0,0,0,0,0,0,0,0,0
4.79492118344553,0.290891293557141,0.120560860939777,-0.0122665860345201,0,0,0,0,0,0,0,0,0,0,0,0,0,0,0
4.80493145731494,0.292097520229776,0.120436279276258,-0.012624048572077,0,0,0,0,0,0,0,0,0,0,0,0,0,0,0
4.81494173118434,0.293302481908651,0.120308123124621,-0.0129807463153045,0,0,0,0,0,0,0,0,0,0,0,0,0,0,0
4.82495200505375,0.294506142850841,0.120176400249315,-0.0133366575635233,0,0,0,0,0,0,0,0,0,0,0,0,0,0,0
4.83496227892316,0.295708467392235,0.120041118631818,-0.0136917606561059,0,0,0,0,0,0,0,0,0,0,0,0,0,0,0
4.84497255279256,0.2969094199497,0.119902286470234,-0.0140460339736041,0,0,0,0,0,0,0,0,0,0,0,0,0,0,0
4.85498282666197,0.298108965023251,0.11975991217887,-0.0143994559388797,0,0,0,0,0,0,0,0,0,0,0,0,0,0,0
4.86499310053138,0.299307067198216,0.119614004387811,-0.0147520050182295,0,0,0,0,0,0,0,0,0,0,0,0,0,0,0
4.87500337440078,0.300503691147386,0.119464571942478,-0.0151036597225157,0,0,0,0,0,0,0,0,0,0,0,0,0,0,0
4.88501364827019,0.301698801633177,0.119311623903175,-0.0154543986082937,0,0,0,0,0,0,0,0,0,0,0,0,0,0,0
4.89502392213959,0.302892363509772,0.119155169544631,-0.0158042002789401,0,0,0,0,0,0,0,0,0,0,0,0,0,0,0
4.905034196009,0.30408434172527,0.118995218355518,-0.0161530433857804,0,0,0,0,0,0,0,0,0,0,0,0,0,0,0
4.91504446987841,0.305274701323822,0.118831780037972,-0.0165009066292184,0,0,0,0,0,0,0,0,0,0,0,0,0,0,0
4.92505474374781,0.306463407447766,0.118664864507091,-0.0168477687598634,0,0,0,0,0,0,0,0,0,0,0,0,0,0,0
4.93506501761722,0.307650425339757,0.118494481890432,-0.0171936085796588,0,0,0,0,0,0,0,0,0,0,0,0,0,0,0
4.94507529148662,0.30883572034489,0.118320642527487,-0.0175384049430108,0,0,0,0,0,0,0,0,0,0,0,0,0,0,0
4.95508556535603,0.310019257912822,0.118143356969154,-0.0178821367579156,0,0,0,0,0,0,0,0,0,0,0,0,0,0,0
4.96509583922544,0.311201003599881,0.117962635977196,-0.0182247829870887,0,0,0,0,0,0,0,0,0,0,0,0,0,0,0
4.97510611309484,0.312380923071176,0.117778490523685,-0.0185663226490919,0,0,0,0,0,0,0,0,0,0,0,0,0,0,0
4.98511638696425,0.313558982102703,0.117590931790439,-0.0189067348194632,0,0,0,0,0,0,0,0,0,0,0,0,0,0,0
4.99512666083365,0.314735146583436,0.117399971168446,-0.0192459986318431,0,0,0,0,0,0,0,0,0,0,0,0,0,0,0
5.00513693470306,0.315909382517419,0.117205620257277,-0.0195840932791045,0,0,0,0,0,0,0,0,0,0,0,0,0,0,0
5.01514720857247,0.317081656025855,0.117007890864485,-0.0199209980144797,0,0,0,0,0,0,0,0,0,0,0,0,0,0,0
5.02515748244187,0.318251933349182,0.116806795005,-0.0202566921526893,0,0,0,0,0,0,0,0,0,0,0,0,0,0,0
5.03516775631128,0.319420180849144,0.116602344900502,-0.0205911550710703,0,0,0,0,0,0,0,0,0,0,0,0,0,0,0
5.04517803018069,0.320586365010862,0.116394552978792,-0.0209243662107041,0,0,0,0,0,0,0,0,0,0,0,0,0,0,0
5.05518830405009,0.32175045244489,0.11618343187315,-0.021256305077545,0,0,0,0,0,0,0,0,0,0,0,0,0,0,0
5.0651985779195,0.322912409889271,0.115968994421674,-0.0215869512435486,0,0,0,0,0,0,0,0,0,0,0,0,0,0,0
5.0752088517889,0.324072204211584,0.115751253666619,-0.021916284347799,0,0,0,0,0,0,0,0,0,0,0,0,0,0,0
5.08521912565831,0.325229802410982,0.11553022285372,-0.0222442840976381,0,0,0,0,0,0,0,0,0,0,0,0,0,0,0
5.09522939952772,0.326385171620228,0.115305915431496,-0.022570930269794,0,0,0,0,0,0,0,0,0,0,0,0,0,0,0
5.10523967339712,0.32753827910772,0.115078345050558,-0.0228962027115079,0,0,0,0,0,0,0,0,0,0,0,0,0,0,0
5.11524994726653,0.328689092279511,0.114847525562892,-0.0232200813416636,0,0,0,0,0,0,0,0,0,0,0,0,0,0,0
5.12526022113593,0.329837578681321,0.114613471021141,-0.0235425461519151,0,0,0,0,0,0,0,0,0,0,0,0,0,0,0
5.13527049500534,0.330983706000543,0.114376195677864,-0.023863577207815,0,0,0,0,0,0,0,0,0,0,0,0,0,0,0
5.14528076887475,0.332127442068238,0.114135713984799,-0.0241831546499422,0,0,0,0,0,0,0,0,0,0,0,0,0,0,0
5.15529104274415,0.333268754861128,0.113892040592098,-0.0245012586950317,0,0,0,0,0,0,0,0,0,0,0,0,0,0,0
5.16530131661356,0.334407612503576,0.113645190347566,-0.0248178696371005,0,0,0,0,0,0,0,0,0,0,0,0,0,0,0
5.17531159048297,0.335543983269561,0.113395178295877,-0.0251329678485781,0,0,0,0,0,0,0,0,0,0,0,0,0,0,0
5.18532186435237,0.336677835584647,0.113142019677788,-0.0254465337814328,0,0,0,0,0,0,0,0,0,0,0,0,0,0,0
5.19533213822178,0.33780913802794,0.112885729929329,-0.0257585479683015,0,0,0,0,0,0,0,0,0,0,0,0,0,0,0
5.20534241209118,0.338937859334037,0.112626324681,-0.0260689910236169,0,0,0,0,0,0,0,0,0,0,0,0,0,0,0
5.21535268596059,0.340063968394974,0.112363819756941,-0.0263778436447361,0,0,0,0,0,0,0,0,0,0,0,0,0,0,0
5.22536295983,0.341187434262153,0.112098231174095,-0.0266850866130682,0,0,0,0,0,0,0,0,0,0,0,0,0,0,0
5.2353732336994,0.342308226148272,0.111829575141365,-0.0269907007952043,0,0,0,0,0,0,0,0,0,0,0,0,0,0,0
5.24538350756881,0.343426313429245,0.111557868058751,-0.0272946671440431,0,0,0,0,0,0,0,0,0,0,0,0,0,0,0
5.25539378143821,0.344541665646104,0.111283126516487,-0.0275969666999224,0,0,0,0,0,0,0,0,0,0,0,0,0,0,0
5.26540405530762,0.345654252506904,0.111005367294153,-0.0278975805917428,0,0,0,0,0,0,0,0,0,0,0,0,0,0,0
5.27541432917703,0.34676404388861,0.110724607359785,-0.0281964900381011,0,0,0,0,0,0,0,0,0,0,0,0,0,0,0
5.28542460304643,0.347871009838985,0.110440863868976,-0.0284936763484146,0,0,0,0,0,0,0,0,0,0,0,0,0,0,0
5.29543487691584,0.348975120578455,0.110154154163955,-0.0287891209240515,0,0,0,0,0,0,0,0,0,0,0,0,0,0,0
5.30544515078525,0.35007634650198,0.109864495772663,-0.0290828052594572,0,0,0,0,0,0,0,0,0,0,0,0,0,0,0
5.31545542465465,0.351174658180903,0.109571906407819,-0.0293747109432852,0,0,0,0,0,0,0,0,0,0,0,0,0,0,0
5.32546569852406,0.352270026364797,0.109276403965966,-0.0296648196595224,0,0,0,0,0,0,0,0,0,0,0,0,0,0,0
5.33547597239346,0.353362421983303,0.108978006526514,-0.0299531131886198,0,0,0,0,0,0,0,0,0,0,0,0,0,0,0
5.34548624626287,0.354451816147949,0.108676732350767,-0.0302395734086181,0,0,0,0,0,0,0,0,0,0,0,0,0,0,0
5.35549652013227,0.355538180153974,0.108372599880944,-0.0305241822962798,0,0,0,0,0,0,0,0,0,0,0,0,0,0,0
5.36550679400168,0.356621485482127,0.108065627739182,-0.0308069219282128,0,0,0,0,0,0,0,0,0,0,0,0,0,0,0
5.37551706787109,0.357701703800468,0.107755834726529,-0.0310877744820024,0,0,0,0,0,0,0,0,0,0,0,0,0,0,0
5.38552734174049,0.35877880696615,0.107443239821934,-0.0313667222373372,0,0,0,0,0,0,0,0,0,0,0,0,0,0,0
5.3955376156099,0.359852767027199,0.107127862181213,-0.0316437475771383,0,0,0,0,0,0,0,0,0,0,0,0,0,0,0
5.40554788947931,0.360923556224275,0.106809721136014,-0.0319188329886875,0,0,0,0,0,0,0,0,0,0,0,0,0,0,0
5.41555816334871,0.361991146992429,0.106488836192762,-0.0321919610647559,0,0,0,0,0,0,0,0,0,0,0,0,0,0,0
5.42556843721812,0.363055511962847,0.106165227031606,-0.0324631145047303,0,0,0,0,0,0,0,0,0,0,0,0,0,0,0
5.43557871108752,0.364116623964586,0.105838913505333,-0.0327322761157444,0,0,0,0,0,0,0,0,0,0,0,0,0,0,0
5.44558898495693,0.365174456026291,0.105509915638299,-0.0329994288138033,0,0,0,0,0,0,0,0,0,0,0,0,0,0,0
5.45559925882634,0.366228981377912,0.10517825362532,-0.033264555624916,0,0,0,0,0,0,0,0,0,0,0,0,0,0,0
5.46560953269574,0.367280173452403,0.104843947830574,-0.0335276396862198,0,0,0,0,0,0,0,0,0,0,0,0,0,0,0
5.47561980656515,0.368328005887412,0.104507018786479,-0.0337886642471108,0,0,0,0,0,0,0,0,0,0,0,0,0,0,0
5.48563008043455,0.369372452526961,0.104167487192565,-0.0340476126703713,0,0,0,0,0,0,0,0,0,0,0,0,0,0,0
5.49564035430396,0.370413487423109,0.103825373914333,-0.0343044684332983,0,0,0,0,0,0,0,0,0,0,0,0,0,0,0
5.50565062817337,0.371451084837612,0.103480699982102,-0.0345592151288309,0,0,0,0,0,0,0,0,0,0,0,0,0,0,0
5.51566090204277,0.372485219243565,0.103133486589848,-0.0348118364666802,0,0,0,0,0,0,0,0,0,0,0,0,0,0,0
5.52567117591218,0.373515865327034,0.102783755094026,-0.0350623162744562,0,0,0,0,0,0,0,0,0,0,0,0,0,0,0
5.53568144978159,0.374542997988679,0.102431527012389,-0.0353106384987962,0,0,0,0,0,0,0,0,0,0,0,0,0,0,0
5.54569172365099,0.375566592345358,0.102076824022786,-0.035556787206493,0,0,0,0,0,0,0,0,0,0,0,0,0,0,0
5.5557019975204,0.376586623731731,0.101719667961955,-0.0358007465856239,0,0,0,0,0,0,0,0,0,0,0,0,0,0,0
5.5657122713898,0.377603067701835,0.101360080824308,-0.0360425009466776,0,0,0,0,0,0,0,0,0,0,0,0,0,0,0
5.57572254525921,0.378615900030664,0.100998084760692,-0.0362820347236836,0,0,0,0,0,0,0,0,0,0,0,0,0,0,0
5.58573281912862,0.379625096715725,0.100633702077151,-0.0365193324753402,0,0,0,0,0,0,0,0,0,0,0,0,0,0,0
5.59574309299802,0.380630633978586,0.100266955233673,-0.0367543788861414,0,0,0,0,0,0,0,0,0,0,0,0,0,0,0
5.60575336686743,0.381632488266413,0.0998978668429251,-0.0369871587675076,0,0,0,0,0,0,0,0,0,0,0,0,0,0,0
5.61576364073683,0.382630636253486,0.0995264596689734,-0.0372176570589118,0,0,0,0,0,0,0,0,0,0,0,0,0,0,0
5.62577391460624,0.383625054842715,0.0991527566260004,-0.0374458588290082,0,0,0,0,0,0,0,0,0,0,0,0,0,0,0
5.63578418847565,0.384615721167131,0.0987767807770043,-0.0376717492767611,0,0,0,0,0,0,0,0,0,0,0,0,0,0,0
5.64579446234505,0.385602612591375,0.0983985553324875,-0.0378953137325721,0,0,0,0,0,0,0,0,0,0,0,0,0,0,0
5.65580473621446,0.386585706713159,0.0980181036491376,-0.03811653765941,0,0,0,0,0,0,0,0,0,0,0,0,0,0,0
5.66581501008387,0.387564981364733,0.0976354492284928,-0.0383354066539372,0,0,0,0,0,0,0,0,0,0,0,0,0,0,0
5.67582528395327,0.388540414614319,0.0972506157156002,-0.0385519064476385,0,0,0,0,0,0,0,0,0,0,0,0,0,0,0
5.68583555782268,0.389511984767549,0.096863626897658,-0.0387660229079495,0,0,0,0,0,0,0,0,0,0,0,0,0,0,0
5.69584583169208,0.390479670368873,0.0964745067026497,-0.0389777420393858,0,0,0,0,0,0,0,0,0,0,0,0,0,0,0
5.70585610556149,0.39144345020297,0.0960832791979672,-0.039187049984669,0,0,0,0,0,0,0,0,0,0,0,0,0,0,0
5.7158663794309,0.392403303296128,0.0956899685890219,-0.0393939330258568,0,0,0,0,0,0,0,0,0,0,0,0,0,0,0
5.7258766533003,0.393359208917626,0.0952945992178418,-0.039598377585471,0,0,0,0,0,0,0,0,0,0,0,0,0,0,0
5.73588692716971,0.394311146581089,0.0948971955616632,-0.0398003702276235,0,0,0,0,0,0,0,0,0,0,0,0,0,0,0
5.74589720103911,0.395259096045837,0.0944977822315047,-0.0399998976591486,0,0,0,0,0,0,0,0,0,0,0,0,0,0,0
5.75590747490852,0.396203037318219,0.0940963839707338,-0.0401969467307275,0,0,0,0,0,0,0,0,0,0,0,0,0,0,0
5.76591774877793,0.397142950652925,0.0936930256536236,-0.0403915044380187,0,0,0,0,0,0,0,0,0,0,0,0,0,0,0
5.77592802264733,0.398078816554295,0.0932877322838912,-0.0405835579227846,0,0,0,0,0,0,0,0,0,0,0,0,0,0,0
5.78593829651674,0.399010615777602,0.0928805289932339,-0.040773094474022,0,0,0,0,0,0,0,0,0,0,0,0,0,0,0
5.79594857038614,0.399938329330332,0.0924714410398479,-0.0409601015290874,0,0,0,0,0,0,0,0,0,0,0,0,0,0,0
5.80595884425555,0.400861938473438,0.092060493806937,-0.0411445666748283,0,0,0,0,0,0,0,0,0,0,0,0,0,0,0
5.81596911812496,0.401781424722583,0.0916477128012119,-0.0413264776487078,0,0,0,0,0,0,0,0,0,0,0,0,0,0,0
5.82597939199436,0.402696769849374,0.0912331236513755,-0.0415058223399373,0,0,0,0,0,0,0,0,0,0,0,0,0,0,0
5.83598966586377,0.403607955882573,0.0908167521065986,-0.0416825887906006,0,0,0,0,0,0,0,0,0,0,0,0,0,0,0
5.84599993973318,0.40451496510929,0.0903986240349847,-0.0418567651967852,0,0,0,0,0,0,0,0,0,0,0,0,0,0,0
5.85601021360258,0.405417780076177,0.0899787654220222,-0.0420283399097074,0,0,0,0,0,0,0,0,0,0,0,0,0,0,0
5.86602048747199,0.406316383590585,0.0895572023690248,-0.0421973014368444,0,0,0,0,0,0,0,0,0,0,0,0,0,0,0
5.87603076134139,0.407210758721719,0.0891339610915652,-0.0423636384430578,0,0,0,0,0,0,0,0,0,0,0,0,0,0,0
5.8860410352108,0.408100888801778,0.0887090679178887,-0.0425273397517277,0,0,0,0,0,0,0,0,0,0,0,0,0,0,0
5.89605130908021,0.408986757427067,0.0882825492873246,-0.0426883943458744,0,0,0,0,0,0,0,0,0,0,0,0,0,0,0
5.90606158294961,0.409868348459108,0.0878544317486822,-0.0428467913692925,0,0,0,0,0,0,0,0,0,0,0,0,0,0,0
5.91607185681902,0.410745646025723,0.0874247419586339,-0.043002520127675,0,0,0,0,0,0,0,0,0,0,0,0,0,0,0
5.92608213068842,0.411618634522111,0.0869935066800898,-0.0431555700897436,0,0,0,0,0,0,0,0,0,0,0,0,0,0,0
5.93609240455783,0.412487298611897,0.0865607527805622,-0.0433059308883753,0,0,0,0,0,0,0,0,0,0,0,0,0,0,0
5.94610267842724,0.413351623228174,0.086126507230513,-0.043453592321734,0,0,0,0,0,0,0,0,0,0,0,0,0,0,0
5.95611295229664,0.414211593574527,0.0856907971016949,-0.0435985443543931,0,0,0,0,0,0,0,0,0,0,0,0,0,0,0
5.96612322616605,0.415067195126034,0.0852536495654825,-0.0437407771184705,0,0,0,0,0,0,0,0,0,0,0,0,0,0,0
5.97613350003545,0.41591841363026,0.0848150918911862,-0.0438802809147515,0,0,0,0,0,0,0,0,0,0,0,0,0,0,0
5.98614377390486,0.416765235108226,0.0843751514443574,-0.0440170462138186,0,0,0,0,0,0,0,0,0,0,0,0,0,0,0
5.99615404777427,0.417607645855362,0.0839338556850892,-0.0441510636571799,0,0,0,0,0,0,0,0,0,0,0,0,0,0,0
6.00616432164367,0.418445632442449,0.0834912321662917,-0.0442823240583988,0,0,0,0,0,0,0,0,0,0,0,0,0,0,0
6.01617459551308,0.419279181716538,0.083047308531969,-0.0444108184042198,0,0,0,0,0,0,0,0,0,0,0,0,0,0,0
6.02618486938249,0.420108280801852,0.0826021125154804,-0.0445365378556977,0,0,0,0,0,0,0,0,0,0,0,0,0,0,0
6.03619514325189,0.420932917100672,0.0821556719377863,-0.044659473749326,0,0,0,0,0,0,0,0,0,0,0,0,0,0,0
6.0462054171213,0.421753078294206,0.0817080147056888,-0.0447796175981659,0,0,0,0,0,0,0,0,0,0,0,0,0,0,0
6.0562156909907,0.422568752343439,0.0812591688100596,-0.0448969610929716,0,0,0,0,0,0,0,0,0,0,0,0,0,0,0
6.06622596486011,0.423379927489966,0.0808091623240524,-0.0450114961033226,0,0,0,0,0,0,0,0,0,0,0,0,0,0,0
6.07623623872952,0.424186592256805,0.0803580234013097,-0.0451232146787485,0,0,0,0,0,0,0,0,0,0,0,0,0,0,0
6.08624651259892,0.424988735449197,0.0799057802741544,-0.0452321090498595,0,0,0,0,0,0,0,0,0,0,0,0,0,0,0
6.09625678646833,0.425786346155381,0.0794524612517731,-0.0453381716294724,0,0,0,0,0,0,0,0,0,0,0,0,0,0,0
6.10626706033773,0.426579413747356,0.0789980947183844,-0.0454413950137428,0,0,0,0,0,0,0,0,0,0,0,0,0,0,0
6.11627733420714,0.427367927881622,0.0785427091313998,-0.0455417719832869,0,0,0,0,0,0,0,0,0,0,0,0,0,0,0
6.12628760807655,0.428151878499907,0.078086333019571,-0.0456392955043168,0,0,0,0,0,0,0,0,0,0,0,0,0,0,0
6.13629788194595,0.428931255829866,0.0776289949811248,-0.0457339587297629,0,0,0,0,0,0,0,0,0,0,0,0,0,0,0
6.14630815581536,0.42970605038577,0.0771707236818918,-0.0458257550004068,0,0,0,0,0,0,0,0,0,0,0,0,0,0,0
6.15631842968476,0.430476252969176,0.0767115478534173,-0.0459146778460053,0,0,0,0,0,0,0,0,0,0,0,0,0,0,0
6.16632870355417,0.431241854669568,0.0762514962910639,-0.0460007209864233,0,0,0,0,0,0,0,0,0,0,0,0,0,0,0
6.17633897742358,0.432002846864997,0.0757905978521065,-0.0460838783327552,0,0,0,0,0,0,0,0,0,0,0,0,0,0,0
6.18634925129298,0.432759221222681,0.0753288814538071,-0.0461641439884621,0,0,0,0,0,0,0,0,0,0,0,0,0,0,0
6.19635952516239,0.4335109696996,0.0748663760714872,-0.0462415122504922,0,0,0,0,0,0,0,0,0,0,0,0,0,0,0
6.2063697990318,0.434258084543069,0.0744031107365844,-0.0463159776104127,0,0,0,0,0,0,0,0,0,0,0,0,0,0,0
6.2163800729012,0.435000558291285,0.0739391145346987,-0.0463875347555368,0,0,0,0,0,0,0,0,0,0,0,0,0,0,0
6.22639034677061,0.43573838377387,0.0734744166036265,-0.0464561785700548,0,0,0,0,0,0,0,0,0,0,0,0,0,0,0
6.23640062064001,0.436471554112368,0.0730090461313852,-0.0465219041361573,0,0,0,0,0,0,0,0,0,0,0,0,0,0,0
6.24641089450942,0.43720006272075,0.0725430323542245,-0.0465847067351678,0,0,0,0,0,0,0,0,0,0,0,0,0,0,0
6.25642116837883,0.437923903305884,0.0720764045546276,-0.0466445818486674,0,0,0,0,0,0,0,0,0,0,0,0,0,0,0
6.26643144224823,0.438643069867985,0.0716091920593044,-0.0467015251596278,0,0,0,0,0,0,0,0,0,0,0,0,0,0,0
6.27644171611764,0.43935755670105,0.0711414242371616,-0.0467555325535343,0,0,0,0,0,0,0,0,0,0,0,0,0,0,0
6.28645198998704,0.440067358393268,0.0706731304972795,-0.0468066001195171,0,0,0,0,0,0,0,0,0,0,0,0,0,0,0
6.29646226385645,0.440772469827415,0.0702043402868608,-0.0468547241514789,0,0,0,0,0,0,0,0,0,0,0,0,0,0,0
6.30647253772586,0.441472886181226,0.0697350830891788,-0.0468999011492224,0,0,0,0,0,0,0,0,0,0,0,0,0,0,0
6.31648281159526,0.442168602927738,0.0692653884215087,-0.0469421278195792,0,0,0,0,0,0,0,0,0,0,0,0,0,0,0
6.32649308546467,0.44285961583563,0.0687952858330512,-0.0469814010775396,0,0,0,0,0,0,0,0,0,0,0,0,0,0,0
6.33650335933408,0.443545920969526,0.0683248049028405,-0.0470177180473761,0,0,0,0,0,0,0,0,0,0,0,0,0,0,0
6.34651363320348,0.444227514690285,0.0678539752376486,-0.0470510760637766,0,0,0,0,0,0,0,0,0,0,0,0,0,0,0
6.35652390707289,0.444904393655269,0.067382826469866,-0.047081472672971,0,0,0,0,0,0,0,0,0,0,0,0,0,0,0
6.36653418094229,0.445576554818585,0.0669113882553861,-0.0471089056338577,0,0,0,0,0,0,0,0,0,0,0,0,0,0,0
6.3765444548117,0.446243995431316,0.0664396902714659,-0.0471333729191347,0,0,0,0,0,0,0,0,0,0,0,0,0,0,0
6.38655472868111,0.446906713041717,0.0659677622145804,-0.0471548727164252,0,0,0,0,0,0,0,0,0,0,0,0,0,0,0
6.39656500255051,0.447564705495403,0.065495633798269,-0.047173403429408,0,0,0,0,0,0,0,0,0,0,0,0,0,0,0
6.40657527641992,0.448217970935503,0.0650233347509622,-0.0471889636789436,0,0,0,0,0,0,0,0,0,0,0,0,0,0,0
6.41658555028932,0.448866507802805,0.0645508948138048,-0.0472015523042042,0,0,0,0,0,0,0,0,0,0,0,0,0,0,0
6.42659582415873,0.449510314835864,0.0640783437384664,-0.0472111683638005,0,0,0,0,0,0,0,0,0,0,0,0,0,0,0
6.43660609802814,0.450149391071104,0.0636057112849348,-0.0472178111369127,0,0,0,0,0,0,0,0,0,0,0,0,0,0,0
6.44661637189754,0.450783735842888,0.0631330272193048,-0.0472214801244141,0,0,0,0,0,0,0,0,0,0,0,0,0,0,0
6.45662664576695,0.451413348783562,0.0626603213115563,-0.047222175050003,0,0,0,0,0,0,0,0,0,0,0,0,0,0,0
6.46663691963635,0.452038229823494,0.0621876233333108,-0.0472198958613303,0,0,0,0,0,0,0,0,0,0,0,0,0,0,0
6.47664719350576,0.452658379191068,0.0617149630555901,-0.0472146427311272,0,0,0,0,0,0,0,0,0,0,0,0,0,0,0
6.48665746737517,0.453273797412675,0.0612423702465575,-0.0472064160583317,0,0,0,0,0,0,0,0,0,0,0,0,0,0,0
6.49666774124457,0.453884485312667,0.0607698746692441,-0.0471952164692218,0,0,0,0,0,0,0,0,0,0,0,0,0,0,0
6.50667801511398,0.454490444013299,0.0602975060792677,-0.0471810448185378,0,0,0,0,0,0,0,0,0,0,0,0,0,0,0
6.51668828898339,0.455091674934641,0.0598252942225452,-0.047163902190614,0,0,0,0,0,0,0,0,0,0,0,0,0,0,0
6.52669856285279,0.455688179794468,0.0593532688329822,-0.0471437899005069,0,0,0,0,0,0,0,0,0,0,0,0,0,0,0
6.5367088367222,0.456279960608131,0.0588814596301611,-0.047120709495122,0,0,0,0,0,0,0,0,0,0,0,0,0,0,0
6.5467191105916,0.456867019688401,0.0584098963170172,-0.0470946627543422,0,0,0,0,0,0,0,0,0,0,0,0,0,0,0
6.55672938446101,0.457449359645289,0.0579386085774947,-0.0470656516921586,0,0,0,0,0,0,0,0,0,0,0,0,0,0,0
6.56673965833042,0.458026983385848,0.0574676260742003,-0.0470336785577934,0,0,0,0,0,0,0,0,0,0,0,0,0,0,0
6.57674993219982,0.458599894113944,0.0569969784460457,-0.0469987458368343,0,0,0,0,0,0,0,0,0,0,0,0,0,0,0
6.58676020606923,0.459168095330007,0.0565266953058742,-0.0469608562523587,0,0,0,0,0,0,0,0,0,0,0,0,0,0,0
6.59677047993863,0.45973159083076,0.0560568062380726,-0.0469200127660628,0,0,0,0,0,0,0,0,0,0,0,0,0,0,0
6.60678075380804,0.460290384708922,0.0555873407961851,-0.0468762185793899,0,0,0,0,0,0,0,0,0,0,0,0,0,0,0
6.61679102767745,0.460844481352887,0.0551183285005031,-0.04682947713466,0,0,0,0,0,0,0,0,0,0,0,0,0,0,0
6.62680130154685,0.461393885446377,0.054649798835647,-0.0467797921161948,0,0,0,0,0,0,0,0,0,0,0,0,0,0,0
6.63681157541626,0.461938601968075,0.0541817812481438,-0.0467271674514513,0,0,0,0,0,0,0,0,0,0,0,0,0,0,0
6.64682184928566,0.462478636191233,0.0537143051439813,-0.0466716073121407,0,0,0,0,0,0,0,0,0,0,0,0,0,0,0
6.65683212315507,0.463013993683249,0.0532473998861607,-0.0466131161153703,0,0,0,0,0,0,0,0,0,0,0,0,0,0,0
6.66684239702448,0.463544680305228,0.0527810947922347,-0.0465516985247565,0,0,0,0,0,0,0,0,0,0,0,0,0,0,0
6.67685267089388,0.464070702211517,0.0523154191318315,-0.0464873594515657,0,0,0,0,0,0,0,0,0,0,0,0,0,0,0
6.68686294476329,0.464592065849204,0.0518504021241734,-0.0464201040558348,0,0,0,0,0,0,0,0,0,0,0,0,0,0,0
6.6968732186327,0.465108777957612,0.0513860729355794,-0.0463499377475037,0,0,0,0,0,0,0,0,0,0,0,0,0,0,0
6.7068834925021,0.465620845567749,0.0509224606769583,-0.0462768661875394,0,0,0,0,0,0,0,0,0,0,0,0,0,0,0
6.71689376637151,0.466128276001744,0.050459594401288,-0.0462008952890696,0,0,0,0,0,0,0,0,0,0,0,0,0,0,0
6.72690404024091,0.466631076872254,0.0499975031010906,-0.046122031218504,0,0,0,0,0,0,0,0,0,0,0,0,0,0,0
6.73691431411032,0.467129256081845,0.0495362157058859,-0.0460402803966703,0,0,0,0,0,0,0,0,0,0,0,0,0,0,0
6.74692458797973,0.46762282182235,0.0490757610796414,-0.0459556494999368,0,0,0,0,0,0,0,0,0,0,0,0,0,0,0
6.75693486184913,0.468111782574199,0.0486161680182119,-0.0458681454613422,0,0,0,0,0,0,0,0,0,0,0,0,0,0,0
6.76694513571854,0.468596147105726,0.0481574652467564,-0.0457777754717243,0,0,0,0,0,0,0,0,0,0,0,0,0,0,0
6.77695540958794,0.469075924472446,0.0476996814171587,-0.0456845469808482,0,0,0,0,0,0,0,0,0,0,0,0,0,0,0
6.78696568345735,0.469551124016312,0.0472428451054304,-0.0455884676985329,0,0,0,0,0,0,0,0,0,0,0,0,0,0,0
6.79697595732676,0.470021755364933,0.0467869848090941,-0.045489545595784,0,0,0,0,0,0,0,0,0,0,0,0,0,0,0
6.80698623119616,0.470487828430792,0.0463321289445733,-0.0453877889059143,0,0,0,0,0,0,0,0,0,0,0,0,0,0,0
6.81699650506557,0.470949353410404,0.0458783058445534,-0.0452832061256812,0,0,0,0,0,0,0,0,0,0,0,0,0,0,0
6.82700677893498,0.471406340783474,0.0454255437553429,-0.045175806016407,0,0,0,0,0,0,0,0,0,0,0,0,0,0,0
6.83701705280438,0.47185880131202,0.0449738708342163,-0.0450655976051108,0,0,0,0,0,0,0,0,0,0,0,0,0,0,0
6.84702732667379,0.47230674603946,0.0445233151467536,-0.0449525901856377,0,0,0,0,0,0,0,0,0,0,0,0,0,0,0
6.85703760054319,0.472750186289688,0.0440739046641594,-0.0448367933197845,0,0,0,0,0,0,0,0,0,0,0,0,0,0,0
6.8670478744126,0.473189133666116,0.0436256672605736,-0.0447182168384286,0,0,0,0,0,0,0,0,0,0,0,0,0,0,0
6.87705814828201,0.473623600050683,0.0431786307103797,-0.0445968708426586,0,0,0,0,0,0,0,0,0,0,0,0,0,0,0
6.88706842215141,0.474053597602854,0.0427328226854867,-0.0444727657048983,0,0,0,0,0,0,0,0,0,0,0,0,0,0,0
6.89707869602082,0.474479138758561,0.0422882707526083,-0.0443459120700381,0,0,0,0,0,0,0,0,0,0,0,0,0,0,0
6.90708896989022,0.474900236229157,0.0418450023705344,-0.0442163208565633,0,0,0,0,0,0,0,0,0,0,0,0,0,0,0
6.91709924375963,0.475316903000315,0.0414030448873841,-0.0440840032576791,0,0,0,0,0,0,0,0,0,0,0,0,0,0,0
6.92710951762904,0.475729152330899,0.0409624255378455,-0.0439489707424437,0,0,0,0,0,0,0,0,0,0,0,0,0,0,0
6.93711979149844,0.476136997751822,0.0405231714404196,-0.0438112350568913,0,0,0,0,0,0,0,0,0,0,0,0,0,0,0
6.94713006536785,0.47654045306487,0.0400853095946267,-0.0436708082251657,0,0,0,0,0,0,0,0,0,0,0,0,0,0,0
6.95714033923726,0.476939532341491,0.0396488668782359,-0.043527702550642,0,0,0,0,0,0,0,0,0,0,0,0,0,0,0
6.96715061310666,0.47733424992157,0.0392138700444447,-0.0433819306170626,0,0,0,0,0,0,0,0,0,0,0,0,0,0,0
6.97716088697607,0.47772462041216,0.0387803457190791,-0.0432335052896586,0,0,0,0,0,0,0,0,0,0,0,0,0,0,0
6.98717116084547,0.478110658686194,0.0383483203977691,-0.043082439716282,0,0,0,0,0,0,0,0,0,0,0,0,0,0,0
6.99718143471488,0.478492379881179,0.0379178204431098,-0.0429287473285326,0,0,0,0,0,0,0,0,0,0,0,0,0,0,0
7.00719170858429,0.478869799397834,0.0374888720818177,-0.0427724418428862,0,0,0,0,0,0,0,0,0,0,0,0,0,0,0
7.01720198245369,0.479242932898725,0.037061501401874,-0.0426135372618218,0,0,0,0,0,0,0,0,0,0,0,0,0,0,0
7.0272122563231,0.479611796306858,0.0366357343496515,-0.0424520478749536,0,0,0,0,0,0,0,0,0,0,0,0,0,0,0
7.0372225301925,0.479976405804248,0.0362115967270426,-0.0422879882601536,0,0,0,0,0,0,0,0,0,0,0,0,0,0,0
7.04723280406191,0.480336777830461,0.0357891141885629,-0.0421213732846858,0,0,0,0,0,0,0,0,0,0,0,0,0,0,0
7.05724307793132,0.480692929081123,0.0353683122384477,-0.0419522181063288,0,0,0,0,0,0,0,0,0,0,0,0,0,0,0
7.06725335180072,0.481044876506397,0.0349492162277408,-0.0417805381745091,0,0,0,0,0,0,0,0,0,0,0,0,0,0,0
7.07726362567013,0.481392637309438,0.0345318513513677,-0.0416063492314241,0,0,0,0,0,0,0,0,0,0,0,0,0,0,0
7.08727389953954,0.481736228944819,0.0341162426452016,-0.0414296673131758,0,0,0,0,0,0,0,0,0,0,0,0,0,0,0
7.09728417340894,0.482075669116917,0.0337024149831151,-0.041250508750894,0,0,0,0,0,0,0,0,0,0,0,0,0,0,0
7.10729444727835,0.482410975778281,0.0332903930740181,-0.0410688901718697,0,0,0,0,0,0,0,0,0,0,0,0,0,0,0
7.11730472114775,0.482742167127965,0.0328802014588899,-0.0408848285006775,0,0,0,0,0,0,0,0,0,0,0,0,0,0,0
7.12731499501716,0.483069261609834,0.0324718645077985,-0.0406983409603087,0,0,0,0,0,0,0,0,0,0,0,0,0,0,0
7.13732526888656,0.483392277910834,0.0320654064169066,-0.0405094450732966,0,0,0,0,0,0,0,0,0,0,0,0,0,0,0
7.14733554275597,0.483711234959236,0.0316608512054674,-0.0403181586628467,0,0,0,0,0,0,0,0,0,0,0,0,0,0,0
7.15734581662538,0.484026151922859,0.0312582227128096,-0.0401244998539626,0,0,0,0,0,0,0,0,0,0,0,0,0,0,0
7.16735609049478,0.484337048207239,0.0308575445953093,-0.0399284870745785,0,0,0,0,0,0,0,0,0,0,0,0,0,0,0
7.17736636436419,0.484643943453798,0.0304588403233528,-0.0397301390566798,0,0,0,0,0,0,0,0,0,0,0,0,0,0,0
7.1873766382336,0.484946857537953,0.0300621331782923,-0.0395294748374414,0,0,0,0,0,0,0,0,0,0,0,0,0,0,0
7.197386912103,0.485245810567219,0.029667446249374,-0.0393265137603456,0,0,0,0,0,0,0,0,0,0,0,0,0,0,0
7.20739718597241,0.485540822879264,0.0292748024306765,-0.0391212754763195,0,0,0,0,0,0,0,0,0,0,0,0,0,0,0
7.21740745984181,0.485831915039943,0.0288842244180198,-0.0389137799448549,0,0,0,0,0,0,0,0,0,0,0,0,0,0,0
7.22741773371122,0.486119107841299,0.0284957347058814,-0.0387040474351446,0,0,0,0,0,0,0,0,0,0,0,0,0,0,0
7.23742800758063,0.486402422299527,0.028109355584278,-0.0384920985272035,0,0,0,0,0,0,0,0,0,0,0,0,0,0,0
7.24743828145003,0.486681879652919,0.027725109135658,-0.0382779541130038,0,0,0,0,0,0,0,0,0,0,0,0,0,0,0
7.25744855531944,0.48695750135976,0.0273430172317664,-0.0380616353975937,0,0,0,0,0,0,0,0,0,0,0,0,0,0,0
7.26745882918884,0.487229309096216,0.0269631015305098,-0.0378431639002372,0,0,0,0,0,0,0,0,0,0,0,0,0,0,0
7.27746910305825,0.487497324754168,0.0265853834728046,-0.0376225614555321,0,0,0,0,0,0,0,0,0,0,0,0,0,0,0
7.28747937692766,0.487761570439027,0.0262098842794118,-0.0373998502145446,0,0,0,0,0,0,0,0,0,0,0,0,0,0,0
7.29748965079706,0.488022068467513,0.0258366249477662,-0.0371750526459359,0,0,0,0,0,0,0,0,0,0,0,0,0,0,0
7.30749992466647,0.488278841365411,0.0254656262487908,-0.0369481915370888,0,0,0,0,0,0,0,0,0,0,0,0,0,0,0
7.31751019853588,0.488531911865277,0.0250969087237026,-0.0367192899952366,0,0,0,0,0,0,0,0,0,0,0,0,0,0,0
7.32752047240528,0.488781302904127,0.024730492680798,-0.0364883714485949,0,0,0,0,0,0,0,0,0,0,0,0,0,0,0
7.33753074627469,0.489027037621089,0.0243663981922475,-0.036255459647482,0,0,0,0,0,0,0,0,0,0,0,0,0,0,0
7.34754102014409,0.489269139355026,0.0240046450908507,-0.0360205786654572,0,0,0,0,0,0,0,0,0,0,0,0,0,0,0
7.3575512940135,0.489507631642121,0.0236452529668014,-0.0357837529004393,0,0,0,0,0,0,0,0,0,0,0,0,0,0,0
7.36756156788291,0.489742538213431,0.0232882411644426,-0.0355450070758426,0,0,0,0,0,0,0,0,0,0,0,0,0,0,0
7.37757184175231,0.489973882992409,0.022933628778989,-0.0353043662416982,0,0,0,0,0,0,0,0,0,0,0,0,0,0,0
7.38758211562172,0.490201690092399,0.0225814346532575,-0.0350618557757898,0,0,0,0,0,0,0,0,0,0,0,0,0,0,0
7.39759238949112,0.490425983814091,0.0222316773743866,-0.0348175013847744,0,0,0,0,0,0,0,0,0,0,0,0,0,0,0
7.40760266336053,0.490646788642941,0.0218843752705288,-0.0345713291053168,0,0,0,0,0,0,0,0,0,0,0,0,0,0,0
7.41761293722994,0.490864129246565,0.0215395464075473,-0.0343233653052128,0,0,0,0,0,0,0,0,0,0,0,0,0,0,0
7.42762321109934,0.491078030472097,0.0211972085856957,-0.0340736366845212,0,0,0,0,0,0,0,0,0,0,0,0,0,0,0
7.43763348496875,0.491288517343514,0.0208573793362814,-0.03382217027669,0,0,0,0,0,0,0,0,0,0,0,0,0,0,0
7.44764375883816,0.491495615058924,0.0205200759183322,-0.0335689934496839,0,0,0,0,0,0,0,0,0,0,0,0,0,0,0
7.45765403270756,0.491699348987829,0.0201853153152308,-0.0333141339071168,0,0,0,0,0,0,0,0,0,0,0,0,0,0,0
7.46766430657697,0.491899744668343,0.019853114231356,-0.0330576196893741,0,0,0,0,0,0,0,0,0,0,0,0,0,0,0
7.47767458044637,0.492096827804386,0.0195234890887043,-0.0327994791747438,0,0,0,0,0,0,0,0,0,0,0,0,0,0,0
7.48768485431578,0.492290624262839,0.0191964560235047,-0.0325397410805475,0,0,0,0,0,0,0,0,0,0,0,0,0,0,0
7.49769512818519,0.492481160070667,0.01887203088281,-0.0322784344642638,0,0,0,0,0,0,0,0,0,0,0,0,0,0,0
7.50770540205459,0.492668461412003,0.0185502292210979,-0.032015588724657,0,0,0,0,0,0,0,0,0,0,0,0,0,0,0
7.517715675924,0.492852554625214,0.0182310662968425,-0.0317512336029113,0,0,0,0,0,0,0,0,0,0,0,0,0,0,0
7.5277259497934,0.493033466199906,0.0179145570690816,-0.0314853991837492,0,0,0,0,0,0,0,0,0,0,0,0,0,0,0
7.53773622366281,0.493211222773918,0.017600716193969,-0.0312181158965695,0,0,0,0,0,0,0,0,0,0,0,0,0,0,0
7.54774649753222,0.493385851130268,0.0172895580213278,-0.0309494145165691,0,0,0,0,0,0,0,0,0,0,0,0,0,0,0
7.55775677140162,0.493557378194078,0.0169810965911755,-0.0306793261658744,0,0,0,0,0,0,0,0,0,0,0,0,0,0,0
7.56776704527103,0.493725831029443,0.0166753456302458,-0.0304078823146655,0,0,0,0,0,0,0,0,0,0,0,0,0,0,0
7.57777731914043,0.493891236836291,0.0163723185485027,-0.0301351147823116,0,0,0,0,0,0,0,0,0,0,0,0,0,0,0
7.58778759300984,0.494053622947179,0.0160720284356321,-0.0298610557384918,0,0,0,0,0,0,0,0,0,0,0,0,0,0,0
7.59779786687925,0.494213016824082,0.0157744880575434,-0.0295857377043289,0,0,0,0,0,0,0,0,0,0,0,0,0,0,0
7.60780814074865,0.494369446055131,0.0154797098528294,-0.0293091935535116,0,0,0,0,0,0,0,0,0,0,0,0,0,0,0
7.61781841461806,0.494522938351314,0.0151877059292413,-0.0290314565134298,0,0,0,0,0,0,0,0,0,0,0,0,0,0,0
7.62782868848747,0.494673521543157,0.0148984880601414,-0.0287525601662977,0,0,0,0,0,0,0,0,0,0,0,0,0,0,0
7.63783896235687,0.494821223577343,0.0146120676809421,-0.0284725384502834,0,0,0,0,0,0,0,0,0,0,0,0,0,0,0
7.64784923622628,0.494966072513329,0.0143284558855403,-0.0281914256606376,0,0,0,0,0,0,0,0,0,0,0,0,0,0,0
7.65785951009568,0.495108096519893,0.0140476634227365,-0.0279092564508238,0,0,0,0,0,0,0,0,0,0,0,0,0,0,0
7.66786978396509,0.495247323871675,0.0137697006926411,-0.0276260658336412,0,0,0,0,0,0,0,0,0,0,0,0,0,0,0
7.6778800578345,0.495383782945658,0.0134945777430769,-0.027341889182355,0,0,0,0,0,0,0,0,0,0,0,0,0,0,0
7.6878903317039,0.495517502217634,0.0132223042659545,-0.0270567622318318,0,0,0,0,0,0,0,0,0,0,0,0,0,0,0
7.69790060557331,0.495648510258612,0.0129528895936652,-0.0267707210796555,0,0,0,0,0,0,0,0,0,0,0,0,0,0,0
7.70791087944271,0.495776835731209,0.0126863426954255,-0.0264838021872624,0,0,0,0,0,0,0,0,0,0,0,0,0,0,0
7.71792115331212,0.495902507385991,0.0124226721736365,-0.0261960423810738,0,0,0,0,0,0,0,0,0,0,0,0,0,0,0
7.72793142718153,0.496025554057786,0.0121618862602298,-0.0259074788536134,0,0,0,0,0,0,0,0,0,0,0,0,0,0,0
7.73794170105093,0.496146004661958,0.0119039928129919,-0.0256181491646436,0,0,0,0,0,0,0,0,0,0,0,0,0,0,0
7.74795197492034,0.496263888190643,0.0116489993118805,-0.0253280912422916,0,0,0,0,0,0,0,0,0,0,0,0,0,0,0
7.75796224878975,0.496379233708938,0.011396912855333,-0.0250373433841779,0,0,0,0,0,0,0,0,0,0,0,0,0,0,0
7.76797252265915,0.496492070351085,0.0111477401565667,-0.0247459442585402,0,0,0,0,0,0,0,0,0,0,0,0,0,0,0
7.77798279652856,0.496602427316573,0.01090148753986,-0.0244539329053725,0,0,0,0,0,0,0,0,0,0,0,0,0,0,0
7.78799307039796,0.496710333866244,0.0106581609368184,-0.0241613487375394,0,0,0,0,0,0,0,0,0,0,0,0,0,0,0
7.79800334426737,0.496815819318331,0.0104177658826521,-0.0238682315419155,0,0,0,0,0,0,0,0,0,0,0,0,0,0,0
7.80801361813678,0.496918913044478,0.0101803075124086,-0.0235746214805061,0,0,0,0,0,0,0,0,0,0,0,0,0,0,0
7.81802389200618,0.497019644465713,0.00994579055722641,-0.0232805590915826,0,0,0,0,0,0,0,0,0,0,0,0,0,0,0
7.82803416587559,0.497118043048393,0.00971421934055262,-0.022986085290802,0,0,0,0,0,0,0,0,0,0,0,0,0,0,0
7.83804443974499,0.497214138300083,0.00948559777436967,-0.0226912413723458,0,0,0,0,0,0,0,0,0,0,0,0,0,0,0
7.8480547136144,0.497307959765449,0.00925992935538471,-0.0223960690100352,0,0,0,0,0,0,0,0,0,0,0,0,0,0,0
7.85806498748381,0.497399537022054,0.0090372171612478,-0.0221006102584737,0,0,0,0,0,0,0,0,0,0,0,0,0,0,0
7.86807526135321,0.497488899676163,0.00881746384670363,-0.0218049075541614,0,0,0,0,0,0,0,0,0,0,0,0,0,0,0
7.87808553522262,0.497576077358482,0.00860067163979144,-0.0215090037166363,0,0,0,0,0,0,0,0,0,0,0,0,0,0,0
7.88809580909202,0.49766109971986,0.0083868423379968,-0.0212129419495896,0,0,0,0,0,0,0,0,0,0,0,0,0,0,0
7.89810608296143,0.49774399642698,0.00817597730438001,-0.0209167658420065,0,0,0,0,0,0,0,0,0,0,0,0,0,0,0
7.90811635683084,0.497824797157973,0.00796807746374758,-0.0206205193692827,0,0,0,0,0,0,0,0,0,0,0,0,0,0,0
7.91812663070024,0.497903531598021,0.00776314329875384,-0.0203242468943639,0,0,0,0,0,0,0,0,0,0,0,0,0,0,0
7.92813690456965,0.497980229434906,0.00756117484602603,-0.0200279931688633,0,0,0,0,0,0,0,0,0,0,0,0,0,0,0
7.93814717843905,0.498054920354522,0.00736217169225937,-0.0197318033341989,0,0,0,0,0,0,0,0,0,0,0,0,0,0,0
7.94815745230846,0.498127634036372,0.00716613297032408,-0.0194357229227139,0,0,0,0,0,0,0,0,0,0,0,0,0,0,0
7.95816772617787,0.49819840014898,0.0069730573553343,-0.0191397978588145,0,0,0,0,0,0,0,0,0,0,0,0,0,0,0
7.96817800004727,0.498267248345304,0.00678294306071699,-0.0188440744600842,0,0,0,0,0,0,0,0,0,0,0,0,0,0,0
7.97818827391668,0.498334208258084,0.00659578783428165,-0.0185485994384281,0,0,0,0,0,0,0,0,0,0,0,0,0,0,0
7.98819854778609,0.498399309495178,0.00641158895425621,-0.0182534199011878,0,0,0,0,0,0,0,0,0,0,0,0,0,0,0
7.99820882165549,0.498462581634827,0.00623034322532899,-0.0179585833522796,0,0,0,0,0,0,0,0,0,0,0,0,0,0,0
8.0082190955249,0.498524054220898,0.00605204697467154,-0.0176641376933134,0,0,0,0,0,0,0,0,0,0,0,0,0,0,0
8.0182293693943,0.498583756758088,0.00587669604794835,-0.01737013122473,0,0,0,0,0,0,0,0,0,0,0,0,0,0,0
8.02823964326371,0.498641718707078,0.00570428580532684,-0.01707661264692,0,0,0,0,0,0,0,0,0,0,0,0,0,0,0
8.03824991713312,0.49869796947966,0.00553481111746543,-0.0167836310613626,0,0,0,0,0,0,0,0,0,0,0,0,0,0,0
8.04826019100252,0.498752538433809,0.00536826636148395,-0.0164912359717446,0,0,0,0,0,0,0,0,0,0,0,0,0,0,0
8.05827046487193,0.498805454868732,0.00520464541694071,-0.0161994772850945,0,0,0,0,0,0,0,0,0,0,0,0,0,0,0
8.06828073874133,0.498856748019856,0.0050439416617984,-0.0159084053129062,0,0,0,0,0,0,0,0,0,0,0,0,0,0,0
8.07829101261074,0.498906447053791,0.00488614796834243,-0.0156180707722716,0,0,0,0,0,0,0,0,0,0,0,0,0,0,0
8.08830128648015,0.498954581063258,0.00473125669913962,-0.0153285247870042,0,0,0,0,0,0,0,0,0,0,0,0,0,0,0
8.09831156034955,0.499001179061947,0.00457925970295391,-0.0150398188887736,0,0,0,0,0,0,0,0,0,0,0,0,0,0,0
8.10832183421896,0.499046269979369,0.00443014831066077,-0.0147520050182277,0,0,0,0,0,0,0,0,0,0,0,0,0,0,0
8.11833210808837,0.499089882655642,0.00428391333112913,-0.0144651355261218,0,0,0,0,0,0,0,0,0,0,0,0,0,0,0
8.12834238195777,0.499132045836253,0.00414054504713799,-0.0141792631744525,0,0,0,0,0,0,0,0,0,0,0,0,0,0,0
8.13835265582718,0.49917278816676,0.00400003321124422,-0.0138944411375756,0,0,0,0,0,0,0,0,0,0,0,0,0,0,0
8.14836292969658,0.499212138187475,0.00386236704163029,-0.0136107230033464,0,0,0,0,0,0,0,0,0,0,0,0,0,0,0
8.15837320356599,0.499250124328087,0.00372753521799113,-0.0133281627742377,0,0,0,0,0,0,0,0,0,0,0,0,0,0,0
8.1683834774354,0.499286774902257,0.00359552587735756,-0.0130468148684768,0,0,0,0,0,0,0,0,0,0,0,0,0,0,0
8.1783937513048,0.499322118102159,0.00346632660992305,-0.0127667341211624,0,0,0,0,0,0,0,0,0,0,0,0,0,0,0
8.18840402517421,0.499356181992978,0.00333992445489341,-0.0124879757854054,0,0,0,0,0,0,0,0,0,0,0,0,0,0,0
8.19841429904361,0.499388994507399,0.00321630589626652,-0.0122105955334486,0,0,0,0,0,0,0,0,0,0,0,0,0,0,0
8.20842457291302,0.49942058344,0.00309545685864422,-0.0119346494577985,0,0,0,0,0,0,0,0,0,0,0,0,0,0,0
8.21843484678243,0.49945097644165,0.0029773627030246,-0.0116601940723547,0,0,0,0,0,0,0,0,0,0,0,0,0,0,0
8.22844512065183,0.49948020101383,0.00286200822256848,-0.0113872863135291,0,0,0,0,0,0,0,0,0,0,0,0,0,0,0
8.23845539452124,0.499508284502945,0.00274937763836424,-0.01111598354139,0,0,0,0,0,0,0,0,0,0,0,0,0,0,0
8.24846566839065,0.499535254094564,0.00263945459519289,-0.010846343540775,0,0,0,0,0,0,0,0,0,0,0,0,0,0,0
8.25847594226005,0.499561136807635,0.00253222215726167,-0.0105784245224276,0,0,0,0,0,0,0,0,0,0,0,0,0,0,0
8.26848621612946,0.499585959488652,0.00242766280392618,-0.0103122851241252,0,0,0,0,0,0,0,0,0,0,0,0,0,0,0
8.27849648999886,0.49960974880577,0.00232575842543342,-0.010047984411803,0,0,0,0,0,0,0,0,0,0,0,0,0,0,0
8.28850676386827,0.4996325312429,0.00222649031860966,-0.009785581880685,0,0,0,0,0,0,0,0,0,0,0,0,0,0,0
8.29851703773767,0.49965433309375,0.00212983918255839,-0.00952513745641557,0,0,0,0,0,0,0,0,0,0,0,0,0,0,0
8.30852731160708,0.499675180455787,0.00203578511436484,-0.00926671149617827,0,0,0,0,0,0,0,0,0,0,0,0,0,0,0
8.31853758547649,0.499695099224237,0.00194430760475272,-0.00901036478983423,0,0,0,0,0,0,0,0,0,0,0,0,0,0,0
8.32854785934589,0.499714115085957,0.00185538553374033,-0.00875615856104659,0,0,0,0,0,0,0,0,0,0,0,0,0,0,0
8.3385581332153,0.499732253513313,0.00176899716632433,-0.00850415446840383,0,0,0,0,0,0,0,0,0,0,0,0,0,0,0
8.34856840708471,0.499749539758009,0.00168512014808645,-0.00825441460655528,0,0,0,0,0,0,0,0,0,0,0,0,0,0,0
8.35857868095411,0.499765998844847,0.00160373150084174,-0.00800700150733735,0,0,0,0,0,0,0,0,0,0,0,0,0,0,0
8.36858895482352,0.499781655565474,0.00152480761825258,-0.00776197814090037,0,0,0,0,0,0,0,0,0,0,0,0,0,0,0
8.37859922869293,0.499796534472074,0.00144832426143136,-0.00751940791683534,0,0,0,0,0,0,0,0,0,0,0,0,0,0,0
8.38860950256233,0.499810659871004,0.00137425655453991,-0.00727935468530549,0,0,0,0,0,0,0,0,0,0,0,0,0,0,0
8.39861977643174,0.499824055816397,0.00130257898037362,-0.00704188273816972,0,0,0,0,0,0,0,0,0,0,0,0,0,0,0
8.40863005030114,0.499836746103731,0.0012332653759333,-0.00680705681012245,0,0,0,0,0,0,0,0,0,0,0,0,0,0,0
8.41864032417055,0.499848754263325,0.00116628892798461,-0.0065749420798058,0,0,0,0,0,0,0,0,0,0,0,0,0,0,0
8.42865059803995,0.499860103553836,0.00110162216861138,-0.00634560417094951,0,0,0,0,0,0,0,0,0,0,0,0,0,0,0
8.43866087190936,0.499870816955638,0.00103923697075663,-0.00611910915349228,0,0,0,0,0,0,0,0,0,0,0,0,0,0,0
8.44867114577877,0.499880917164247,0.000979104543745105,-0.00589552354471644,0,0,0,0,0,0,0,0,0,0,0,0,0,0,0
8.45868141964817,0.499890426583623,0.000921195428793249,-0.00567491431036871,0,0,0,0,0,0,0,0,0,0,0,0,0,0,0
8.46869169351758,0.499899367319492,0.000865479494541521,-0.00545734886579789,0,0,0,0,0,0,0,0,0,0,0,0,0,0,0
8.47870196738699,0.499907761172551,0.000811925932508323,-0.00524289507707012,0,0,0,0,0,0,0,0,0,0,0,0,0,0,0
8.48871224125639,0.499915629631697,0.000760503252607114,-0.00503162126211306,0,0,0,0,0,0,0,0,0,0,0,0,0,0,0
8.4987225151258,0.499922993867174,0.000711179278603995,-0.00482359619182864,0,0,0,0,0,0,0,0,0,0,0,0,0,0,0
8.5087327889952,0.499929874723677,0.000663921143564768,-0.00461888909123229,0,0,0,0,0,0,0,0,0,0,0,0,0,0,0
8.51874306286461,0.49993629271342,0.000618695285332257,-0.00441756964057413,0,0,0,0,0,0,0,0,0,0,0,0,0,0,0
8.52875333673402,0.499942268009146,0.000575467441941294,-0.00421970797647473,0,0,0,0,0,0,0,0,0,0,0,0,0,0,0
8.53876361060342,0.49994782043711,0.000534202647046768,-0.00402537469304327,0,0,0,0,0,0,0,0,0,0,0,0,0,0,0
8.54877388447283,0.499952969469999,0.000494865225342597,-0.00383464084301689,0,0,0,0,0,0,0,0,0,0,0,0,0,0,0
8.55878415834223,0.499957734219811,0.000457418787979283,-0.00364757793887619,0,0,0,0,0,0,0,0,0,0,0,0,0,0,0
8.56879443221164,0.499962133430703,0.00042182622792354,-0.00346425795398976,0,0,0,0,0,0,0,0,0,0,0,0,0,0,0
8.57880470608105,0.499966185471741,0.000388049715368376,-0.0032847533237256,0,0,0,0,0,0,0,0,0,0,0,0,0,0,0
8.58881497995045,0.499969908329688,0.000356050693087425,-0.00310913694659156,0,0,0,0,0,0,0,0,0,0,0,0,0,0,0
8.59882525381986,0.499973319601674,0.000325789871804149,-0.00293748218535335,0,0,0,0,0,0,0,0,0,0,0,0,0,0,0
8.60883552768927,0.499976436487851,0.000297227225516765,-0.00276986286817708,0,0,0,0,0,0,0,0,0,0,0,0,0,0,0
8.61884580155867,0.499979275783985,0.000270321986870275,-0.00260635328974164,0,0,0,0,0,0,0,0,0,0,0,0,0,0,0
8.62885607542808,0.499981853874023,0.000245032642439966,-0.00244702821237613,0,0,0,0,0,0,0,0,0,0,0,0,0,0,0
8.63886634929748,0.499984186722605,0.000221316928081029,-0.00229196286718651,0,0,0,0,0,0,0,0,0,0,0,0,0,0,0
8.64887662316689,0.499986289867508,0.00019913182420369,-0.00214123295518232,0,0,0,0,0,0,0,0,0,0,0,0,0,0,0
8.6588868970363,0.499988178412079,0.000178433551078155,-0.00199491464840748,0,0,0,0,0,0,0,0,0,0,0,0,0,0,0
8.6688971709057,0.499989867017585,0.000159177564099184,-0.00185308459106694,0,0,0,0,0,0,0,0,0,0,0,0,0,0,0
8.67890744477511,0.499991369895542,0.000141318549085555,-0.00171581990065338,0,0,0,0,0,0,0,0,0,0,0,0,0,0,0
8.68891771864451,0.499992700799998,0.000124810417491523,-0.00158319816907748,0,0,0,0,0,0,0,0,0,0,0,0,0,0,0
8.69892799251392,0.49999387301974,0.000109606301690527,-0.00145529746379456,0,0,0,0,0,0,0,0,0,0,0,0,0,0,0
8.70893826638333,0.499994899370466,9.56585501922764e-05,-0.00133219632893966,0,0,0,0,0,0,0,0,0,0,0,0,0,0,0
8.71894854025273,0.499995792186947,8.29187228642754e-05,-0.00121397378644053,0,0,0,0,0,0,0,0,0,0,0,0,0,0,0
8.72895881412214,0.499996563315074,7.13375861420316e-05,-0.00110070933716158,0,0,0,0,0,0,0,0,0,0,0,0,0,0,0
8.73896908799155,0.499997224103913,6.08651082476304e-05,-0.000992482962026899,0,0,0,0,0,0,0,0,0,0,0,0,0,0,0
8.74897936186095,0.499997785397673,5.1450454359059e-05,-0.000889375123141054,0,0,0,0,0,0,0,0,0,0,0,0,0,0,0
8.75898963573036,0.499998257527664,4.30419817829853e-05,-0.000791466764931061,0,0,0,0,0,0,0,0,0,0,0,0,0,0,0
8.76899990959976,0.499998650304166,3.55872351453898e-05,-0.000698839315261904,0,0,0,0,0,0,0,0,0,0,0,0,0,0,0
8.77901018346917,0.49999897300829,2.90329415315005e-05,-0.000611574686572711,0,0,0,0,0,0,0,0,0,0,0,0,0,0,0
8.78902045733857,0.499999234383743,2.33250056152999e-05,-0.000529755277002328,0,0,0,0,0,0,0,0,0,0,0,0,0,0,0
8.79903073120798,0.499999442628597,1.84085048259013e-05,-0.000453463971514322,0,0,0,0,0,0,0,0,0,0,0,0,0,0,0
8.80904100507739,0.49999960538697,1.42276844428549e-05,-0.000382784143032159,0,0,0,0,0,0,0,0,0,0,0,0,0,0,0
8.81905127894679,0.49999972974068,1.07259527034258e-05,-0.00031779965356154,0,0,0,0,0,0,0,0,0,0,0,0,0,0,0
8.8290615528162,0.499999822200828,7.84587592718231e-06,-0.000258594855324542,0,0,0,0,0,0,0,0,0,0,0,0,0,0,0
8.83907182668561,0.499999888699354,5.5291735807092e-06,-0.000205254591877591,0,0,0,0,0,0,0,0,0,0,0,0,0,0,0
8.84908210055501,0.499999934580539,3.71671334739277e-06,-0.000157864199251555,0,0,0,0,0,0,0,0,0,0,0,0,0,0,0
8.85909237442442,0.499999964592449,2.34850622317969e-06,-0.000116509507070778,0,0,0,0,0,0,0,0,0,0,0,0,0,0,0
8.86910264829382,0.499999982878341,1.36370154358777e-06,-8.12768396883508e-05,0,0,0,0,0,0,0,0,0,0,0,0,0,0,0
8.87911292216323,0.499999992967986,7.00582017098695e-07,-5.22530173083522e-05,0,0,0,0,0,0,0,0,0,0,0,0,0,0,0
8.88912319603264,0.499999997769012,2.96558797039758e-07,-2.95253571206223e-05,0,0,0,0,0,0,0,0,0,0,0,0,0,0,0
8.89913346990204,0.499999999558127,8.81664659888711e-08,-1.31816744224325e-05,0,0,0,0,0,0,0,0,0,0,0,0,0,0,0
8.90914374377145,0.499999999972313,1.10580412908332e-08,-3.3102837472277e-06,0,0,0,0,0,0,0,0,0,0,0,0,0,0,0
8.91915401764085,0.500000000000008,-1.23083899294734e-15,1.65599426651395e-15,0,0,0,0,0,0,0,0,0,0,0,0,0,0,0
